word,global,noise-aware,self,top,bot
set,23.593,23.210,17.435,0.000,0.000
one,8.670,8.696,7.666,0.000,0.000
problem,19.201,20.077,14.154,0.000,0.000
let,12.900,13.023,13.261,0.000,0.000
two,7.103,7.200,6.575,0.000,0.000
model,15.314,14.548,25.374,0.000,0.000
case,13.305,13.459,14.603,0.000,0.000
based,8.218,7.915,8.956,0.000,0.000
theory,29.814,29.133,48.537,0.000,0.000
also,4.103,4.092,5.399,0.000,0.000
sets,17.081,16.617,10.721,0.000,0.000
following,8.645,8.617,9.827,0.000,0.000
problems,15.073,16.250,15.184,0.000,0.000
number,23.573,24.630,17.751,0.000,0.000
time,23.054,22.648,13.767,0.000,0.000
example,8.648,8.553,10.212,0.000,0.000
non,14.820,14.693,13.022,0.000,0.000
given,11.435,10.894,10.282,0.000,0.000
information,13.612,14.774,15.400,0.000,0.000
first,8.966,8.980,7.645,0.000,0.000
function,13.361,12.718,13.147,0.000,0.000
probability,29.485,29.784,22.643,0.000,0.000
new,14.256,14.297,17.574,0.000,0.000
system,25.272,22.096,37.130,0.000,0.000
quantum,43.435,69.886,74.216,0.000,0.000
since,9.502,9.703,9.910,0.000,0.000
theorem,34.522,31.263,35.918,0.000,0.000
space,31.019,30.938,26.065,0.000,0.000
consider,5.202,5.340,6.239,0.000,0.000
using,6.848,6.754,7.622,0.000,0.000
state,22.625,20.094,58.399,0.000,0.000
may,7.004,7.932,6.821,0.000,0.000
possible,6.921,7.020,7.873,0.000,0.000
different,9.866,10.007,14.535,0.000,0.000
used,5.777,5.563,7.945,0.000,0.000
defined,10.247,10.340,10.484,0.000,0.000
data,23.035,21.298,36.976,0.000,0.000
section,15.141,14.705,28.318,0.000,0.000
every,15.220,15.338,15.571,0.000,0.000
knowledge,26.419,27.877,29.040,0.000,0.000
definition,10.337,10.902,9.874,0.000,0.000
follows,6.774,7.287,7.345,0.000,0.000
general,12.345,12.844,12.451,0.000,0.000
systems,28.690,27.547,40.342,0.000,0.000
respect,30.523,31.283,28.788,0.000,0.000
value,17.133,18.355,19.105,0.000,0.000
algorithm,23.238,23.281,24.374,0.000,0.000
variables,20.549,20.734,22.019,0.000,0.000
results,10.604,10.530,23.974,0.000,0.000
thus,3.893,3.866,3.098,0.000,0.000
paper,4.621,4.218,9.277,0.000,0.000
approach,11.212,11.808,13.279,0.000,0.000
order,22.637,21.694,25.583,0.000,0.000
use,7.377,7.423,7.064,0.000,0.000
rule,25.774,28.465,26.911,0.000,0.000
rules,25.461,27.968,26.323,0.000,0.000
constraint,37.800,37.798,37.394,0.000,0.000
way,6.121,6.164,6.639,0.000,0.000
well,6.242,6.054,7.088,0.000,0.000
form,18.432,19.018,16.845,0.000,0.000
models,10.413,10.839,12.655,0.000,0.000
concept,18.877,18.869,19.115,0.000,0.000
solution,16.467,15.803,15.975,0.000,0.000
proof,23.522,23.537,23.707,0.000,0.000
result,8.239,8.355,8.503,0.000,0.000
values,21.140,19.037,32.434,0.000,0.000
show,9.896,9.217,10.982,0.000,0.000
however,5.514,5.536,6.271,0.000,0.000
constraints,25.977,26.179,26.724,0.000,0.000
functions,21.301,20.285,18.113,0.000,0.000
therefore,10.808,10.873,11.613,0.000,0.000
complexity,20.047,20.024,20.564,0.000,0.000
matrix,29.410,29.477,69.438,0.000,0.000
called,7.615,7.611,8.051,0.000,0.000
elements,45.164,45.716,37.034,0.000,0.000
search,36.986,34.279,31.588,0.000,0.000
representation,17.936,18.126,16.454,0.000,0.000
structure,33.670,35.041,53.741,0.000,0.000
see,10.449,11.057,12.041,0.000,0.000
process,16.209,15.998,13.189,0.000,0.000
program,19.636,19.296,14.133,0.000,0.000
class,17.039,17.046,17.870,0.000,0.000
define,6.529,6.790,6.622,0.000,0.000
would,4.618,4.484,5.981,0.000,0.000
element,21.514,22.110,14.051,0.000,0.000
instance,8.865,9.118,8.866,0.000,0.000
many,21.079,21.829,21.059,0.000,0.000
second,10.454,10.576,9.904,0.000,0.000
considered,7.416,7.339,9.778,0.000,0.000
finite,13.819,13.319,8.512,0.000,0.000
sequence,15.104,15.271,15.786,0.000,0.000
relation,17.937,16.862,15.484,0.000,0.000
must,8.709,8.492,8.547,0.000,0.000
means,4.519,4.394,4.038,0.000,0.000
table,14.491,13.338,41.535,0.000,0.000
solving,35.707,35.621,38.665,0.000,0.000
point,10.764,10.584,12.814,0.000,0.000
true,18.861,19.027,18.782,0.000,0.000
corresponding,5.503,4.896,5.521,0.000,0.000
three,15.184,15.535,14.976,0.000,0.000
hence,10.651,10.684,9.443,0.000,0.000
extension,11.162,11.196,11.438,0.000,0.000
world,9.730,9.857,11.502,0.000,0.000
even,8.913,8.972,11.262,0.000,0.000
basic,8.346,8.284,9.734,0.000,0.000
vector,21.080,19.893,14.180,0.000,0.000
variable,11.131,10.730,12.347,0.000,0.000
analysis,7.960,7.674,8.095,0.000,0.000
framework,7.799,7.896,8.691,0.000,0.000
domain,12.039,12.013,12.037,0.000,0.000
states,20.420,21.063,37.862,0.000,0.000
step,11.968,12.246,13.027,0.000,0.000
properties,15.751,16.860,20.196,0.000,0.000
classical,17.948,19.541,27.387,0.000,0.000
note,10.875,10.795,11.641,0.000,0.000
operators,16.651,16.315,14.058,0.000,0.000
computer,18.583,18.821,18.661,0.000,0.000
least,8.230,8.472,7.861,0.000,0.000
work,17.273,17.030,19.771,0.000,0.000
particular,3.172,3.351,4.097,0.000,0.000
type,14.323,14.173,12.498,0.000,0.000
exists,18.252,17.984,18.152,0.000,0.000
science,5.079,4.955,10.532,0.000,0.000
obtained,9.687,9.504,14.744,0.000,0.000
present,11.851,11.677,14.347,0.000,0.000
size,27.266,25.914,28.781,0.000,0.000
fact,4.403,4.484,5.113,0.000,0.000
method,20.322,20.515,19.472,0.000,0.000
rough,59.286,59.338,59.585,0.000,0.000
complete,9.712,9.601,9.060,0.000,0.000
action,20.826,21.412,20.674,0.000,0.000
assume,2.999,3.009,4.217,0.000,0.000
like,16.574,16.615,22.249,0.000,0.000
words,17.030,17.452,15.794,0.000,0.000
part,15.059,15.262,14.236,0.000,0.000
formula,20.248,19.836,15.824,0.000,0.000
computing,11.233,11.240,11.012,0.000,0.000
respectively,7.169,7.281,5.910,0.000,0.000
simple,4.431,4.701,4.748,0.000,0.000
approximation,37.201,34.897,45.503,0.000,0.000
node,35.361,35.867,32.592,0.000,0.000
lower,27.284,28.556,27.947,0.000,0.000
terms,24.391,24.854,23.484,0.000,0.000
pages,27.530,26.455,44.024,0.000,0.000
edge,36.296,36.192,35.826,0.000,0.000
natural,7.846,8.354,8.594,0.000,0.000
mathematical,8.534,8.769,9.848,0.000,0.000
condition,15.412,15.346,15.778,0.000,0.000
context,4.815,4.895,5.022,0.000,0.000
known,5.686,5.744,5.296,0.000,0.000
measure,13.253,13.537,13.852,0.000,0.000
research,7.893,7.859,8.430,0.000,0.000
need,1.816,1.990,2.148,0.000,0.000
operator,17.303,18.384,16.672,0.000,0.000
represented,4.266,4.531,2.980,0.000,0.000
cases,4.204,4.228,6.497,0.000,0.000
polynomial,33.757,33.665,34.187,0.000,0.000
applications,7.116,7.251,7.527,0.000,0.000
interval,21.392,21.478,21.198,0.000,0.000
whether,5.059,5.037,5.161,0.000,0.000
equivalent,6.712,6.825,6.472,0.000,0.000
journal,31.361,30.770,40.164,0.000,0.000
according,3.272,3.416,2.946,0.000,0.000
suppose,11.479,11.456,11.323,0.000,0.000
springer,14.992,15.541,24.732,0.000,0.000
level,15.832,16.456,18.670,0.000,0.000
real,11.281,11.473,10.898,0.000,0.000
total,23.724,23.033,21.869,0.000,0.000
pair,10.996,11.212,10.044,0.000,0.000
could,1.359,1.385,2.307,0.000,0.000
methods,6.192,6.406,8.022,0.000,0.000
cannot,3.826,3.872,3.928,0.000,0.000
another,1.675,1.778,2.125,0.000,0.000
without,4.874,4.640,4.661,0.000,0.000
holds,9.131,9.239,9.184,0.000,0.000
consistent,15.946,15.612,12.912,0.000,0.000
objects,12.433,12.615,12.384,0.000,0.000
classes,18.596,18.892,19.298,0.000,0.000
single,24.722,24.581,23.795,0.000,0.000
applied,3.926,3.772,3.615,0.000,0.000
take,4.503,4.905,4.289,0.000,0.000
important,5.608,5.607,7.182,0.000,0.000
say,4.073,4.117,4.118,0.000,0.000
cluster,28.494,29.443,32.933,0.000,0.000
similar,6.469,6.198,8.264,0.000,0.000
several,3.657,3.549,3.966,0.000,0.000
initial,11.798,11.359,8.202,0.000,0.000
either,3.624,3.782,4.773,0.000,0.000
find,2.866,2.443,2.643,0.000,0.000
property,8.351,8.389,8.343,0.000,0.000
random,15.371,15.731,12.754,0.000,0.000
normal,14.586,14.634,14.826,0.000,0.000
contains,6.686,6.311,7.215,0.000,0.000
denote,7.934,8.021,8.381,0.000,0.000
candidates,33.840,34.584,33.048,0.000,0.000
optimal,17.863,17.716,18.026,0.000,0.000
university,14.513,14.339,19.784,0.000,0.000
combination,12.352,13.065,11.767,0.000,0.000
fig,49.104,48.936,52.015,0.000,0.000
answer,13.057,13.024,13.632,0.000,0.000
modeling,10.294,10.201,10.420,0.000,0.000
large,12.149,11.869,13.728,0.000,0.000
hand,10.538,10.817,9.471,0.000,0.000
linear,11.986,11.202,15.818,0.000,0.000
solutions,9.712,9.431,8.987,0.000,0.000
partial,15.835,15.748,11.009,0.000,0.000
proposed,6.550,6.443,7.030,0.000,0.000
choice,7.607,7.610,7.974,0.000,0.000
average,18.259,16.944,17.433,0.000,0.000
conditions,5.932,5.877,6.413,0.000,0.000
design,28.597,28.734,28.615,0.000,0.000
prove,9.401,9.335,9.295,0.000,0.000
make,3.296,3.453,3.146,0.000,0.000
making,10.574,10.693,10.154,0.000,0.000
product,5.334,5.335,3.674,0.000,0.000
next,3.911,3.961,4.763,0.000,0.000
obtain,5.650,5.878,4.153,0.000,0.000
rate,29.050,30.531,28.529,0.000,0.000
pattern,6.047,6.016,6.061,0.000,0.000
international,18.387,18.899,23.193,0.000,0.000
equation,23.122,23.334,20.794,0.000,0.000
described,6.611,6.792,7.121,0.000,0.000
individual,4.850,4.997,4.894,0.000,0.000
stable,18.554,18.171,18.228,0.000,0.000
subset,12.115,12.008,12.047,0.000,0.000
study,9.764,10.084,10.900,0.000,0.000
change,6.201,6.331,6.120,0.000,0.000
qualitative,20.916,21.109,20.613,0.000,0.000
press,12.125,12.535,23.814,0.000,0.000
description,4.266,4.099,5.626,0.000,0.000
degree,10.561,10.488,10.616,0.000,0.000
approaches,4.395,4.473,4.870,0.000,0.000
positive,6.357,6.324,6.280,0.000,0.000
denoted,6.542,6.680,6.336,0.000,0.000
specific,5.085,5.449,4.647,0.000,0.000
evidence,4.700,4.663,4.967,0.000,0.000
relations,8.714,8.246,6.493,0.000,0.000
fusion,12.834,11.601,15.955,0.000,0.000
multi,10.664,10.531,12.837,0.000,0.000
length,18.512,18.333,16.345,0.000,0.000
probabilities,20.787,20.129,16.812,0.000,0.000
within,10.887,10.746,11.046,0.000,0.000
necessary,2.227,2.274,2.268,0.000,0.000
situation,9.156,9.103,8.580,0.000,0.000
environment,13.785,13.862,14.758,0.000,0.000
input,12.279,12.271,12.378,0.000,0.000
distribution,10.898,10.612,9.018,0.000,0.000
presented,8.165,8.074,11.668,0.000,0.000
estimates,37.836,38.210,42.919,0.000,0.000
implies,7.357,7.127,8.339,0.000,0.000
complex,8.472,8.887,8.600,0.000,0.000
test,4.937,4.911,5.796,0.000,0.000
upper,25.571,26.152,24.572,0.000,0.000
numbers,11.907,11.604,10.717,0.000,0.000
shown,2.820,2.740,2.895,0.000,0.000
measures,12.842,12.821,12.539,0.000,0.000
points,12.524,12.495,12.845,0.000,0.000
examples,4.683,4.722,4.683,0.000,0.000
meaning,22.737,22.705,22.521,0.000,0.000
main,4.439,4.291,4.818,0.000,0.000
sense,4.545,4.605,4.772,0.000,0.000
argument,12.789,13.613,11.558,0.000,0.000
related,7.478,7.767,7.695,0.000,0.000
free,13.588,13.189,13.032,0.000,0.000
equal,2.392,2.073,1.992,0.000,0.000
local,5.574,5.766,5.278,0.000,0.000
proceedings,20.782,20.839,22.836,0.000,0.000
minimal,10.811,10.613,11.113,0.000,0.000
arbitrary,5.730,6.065,5.875,0.000,0.000
computational,4.299,4.390,4.083,0.000,0.000
corresponds,8.597,8.532,8.212,0.000,0.000
processes,7.420,7.721,6.846,0.000,0.000
introduce,3.929,3.945,3.018,0.000,0.000
question,5.031,5.046,5.115,0.000,0.000
conference,18.152,18.109,21.368,0.000,0.000
term,22.512,22.826,17.305,0.000,0.000
der,23.434,24.349,28.709,0.000,0.000
indeed,2.612,2.645,2.679,0.000,0.000
addition,3.391,3.557,3.599,0.000,0.000
stage,16.207,16.514,14.330,0.000,0.000
estimate,22.080,22.391,25.908,0.000,0.000
associated,9.376,9.934,8.793,0.000,0.000
efficient,8.049,8.214,8.052,0.000,0.000
computation,3.528,3.641,3.327,0.000,0.000
finally,1.041,1.069,1.141,0.000,0.000
bound,58.007,73.490,46.176,0.000,0.000
instead,2.085,2.143,2.121,0.000,0.000
found,6.768,6.895,7.507,0.000,0.000
interpretation,14.398,14.723,15.284,0.000,0.000
distance,12.954,12.831,10.813,0.000,0.000
standard,8.993,8.813,11.958,0.000,0.000
solved,13.070,13.762,13.558,0.000,0.000
universal,8.808,8.946,9.490,0.000,0.000
due,15.398,15.236,17.357,0.000,0.000
still,2.388,2.405,2.632,0.000,0.000
previous,8.275,8.476,10.085,0.000,0.000
know,4.119,4.388,4.267,0.000,0.000
less,4.337,4.269,5.091,0.000,0.000
structures,3.208,3.492,3.437,0.000,0.000
types,3.487,3.656,3.427,0.000,0.000
path,13.572,13.586,12.631,0.000,0.000
experiments,13.274,12.102,13.336,0.000,0.000
effect,20.774,20.794,23.587,0.000,0.000
always,3.293,3.221,3.402,0.000,0.000
much,4.533,4.394,5.681,0.000,0.000
mathematics,3.307,3.430,4.332,0.000,0.000
application,3.491,3.428,3.694,0.000,0.000
represent,1.943,2.101,1.972,0.000,0.000
object,6.684,6.834,6.568,0.000,0.000
zero,4.780,5.052,4.629,0.000,0.000
satisfies,12.240,12.283,12.403,0.000,0.000
view,2.717,2.857,3.216,0.000,0.000
weights,8.160,8.198,8.035,0.000,0.000
provide,2.917,2.916,3.816,0.000,0.000
give,3.335,3.118,3.608,0.000,0.000
theories,2.864,2.960,3.314,0.000,0.000
right,13.580,14.188,12.159,0.000,0.000
four,14.886,15.069,15.964,0.000,0.000
theoretical,18.372,18.237,16.540,0.000,0.000
rather,3.365,3.352,3.110,0.000,0.000
optimization,12.519,12.507,14.848,0.000,0.000
compute,4.979,5.033,4.870,0.000,0.000
measurement,26.482,24.777,31.449,0.000,0.000
parameter,9.443,9.282,8.696,0.000,0.000
introduced,4.472,4.409,4.757,0.000,0.000
special,5.522,5.400,5.659,0.000,0.000
often,1.872,1.827,1.971,0.000,0.000
shows,4.867,4.849,5.235,0.000,0.000
joint,7.354,7.320,7.358,0.000,0.000
parameters,12.075,11.658,15.492,0.000,0.000
scale,25.677,26.782,24.794,0.000,0.000
formal,4.002,4.092,4.394,0.000,0.000
hard,13.597,13.767,13.060,0.000,0.000
certain,2.725,2.883,3.253,0.000,0.000
better,6.898,6.933,7.467,0.000,0.000
consists,2.491,2.561,2.347,0.000,0.000
control,15.592,16.114,15.419,0.000,0.000
original,1.809,1.759,1.629,0.000,0.000
assumption,3.214,3.182,3.551,0.000,0.000
otherwise,6.049,6.078,6.098,0.000,0.000
notation,6.801,7.004,6.788,0.000,0.000
proc,13.904,14.099,20.696,0.000,0.000
alternative,6.254,6.468,6.885,0.000,0.000
weight,9.617,9.643,9.882,0.000,0.000
classification,8.613,8.678,8.704,0.000,0.000
dynamic,21.796,21.323,20.520,0.000,0.000
independent,5.922,5.733,6.399,0.000,0.000
http,7.843,7.412,17.035,0.000,0.000
get,3.544,3.787,2.826,0.000,0.000
vol,4.328,4.460,10.184,0.000,0.000
taking,8.185,8.638,8.916,0.000,0.000
extended,2.239,2.262,1.615,0.000,0.000
vectors,8.570,8.630,4.991,0.000,0.000
various,3.658,3.540,4.618,0.000,0.000
might,2.655,2.625,3.061,0.000,0.000
among,3.318,3.251,3.681,0.000,0.000
exactly,1.979,1.999,1.887,0.000,0.000
whose,3.246,3.260,3.633,0.000,0.000
good,11.477,11.765,10.521,0.000,0.000
candidate,25.075,25.515,24.555,0.000,0.000
fixed,8.251,8.158,7.958,0.000,0.000
formulas,11.795,12.423,8.916,0.000,0.000
already,3.350,3.326,2.666,0.000,0.000
sub,5.796,5.595,5.581,0.000,0.000
multiple,7.946,7.922,7.064,0.000,0.000
containing,16.395,16.890,15.687,0.000,0.000
exist,7.609,7.509,7.873,0.000,0.000
allows,3.467,3.363,3.756,0.000,0.000
transformation,5.727,5.438,5.758,0.000,0.000
introduction,2.800,2.846,2.590,0.000,0.000
extensions,3.112,3.151,3.240,0.000,0.000
power,6.222,6.181,7.310,0.000,0.000
steps,3.207,3.283,3.210,0.000,0.000
similarly,3.841,3.934,3.407,0.000,0.000
able,2.109,2.173,2.021,0.000,0.000
uncertainty,54.256,53.489,50.415,0.000,0.000
components,25.168,25.016,23.555,0.000,0.000
base,4.968,4.878,4.916,0.000,0.000
common,2.544,2.559,2.260,0.000,0.000
negative,5.065,4.986,5.040,0.000,0.000
quantitative,13.237,13.220,13.557,0.000,0.000
generalized,7.213,7.071,9.427,0.000,0.000
describe,3.796,3.914,3.452,0.000,0.000
construct,3.309,3.479,3.784,0.000,0.000
account,20.301,21.656,21.662,0.000,0.000
equivalence,8.535,8.413,8.360,0.000,0.000
group,6.365,6.529,6.869,0.000,0.000
support,13.415,13.725,14.352,0.000,0.000
definitions,4.148,4.274,3.789,0.000,0.000
construction,1.449,1.495,1.516,0.000,0.000
small,14.812,14.405,16.795,0.000,0.000
principle,3.510,3.640,4.446,0.000,0.000
component,7.230,7.822,7.196,0.000,0.000
basis,47.956,48.519,49.316,0.000,0.000
best,5.661,5.478,7.201,0.000,0.000
strong,11.189,10.690,12.355,0.000,0.000
setting,1.319,1.322,1.331,0.000,0.000
version,3.592,3.766,4.339,0.000,0.000
apply,3.042,3.140,3.011,0.000,0.000
left,18.240,18.084,16.494,0.000,0.000
equations,20.662,20.283,20.016,0.000,0.000
quality,15.863,15.783,17.827,0.000,0.000
satisfied,9.337,9.334,9.506,0.000,0.000
web,13.680,13.787,14.932,0.000,0.000
arguments,11.285,11.477,11.130,0.000,0.000
experimental,21.149,19.556,26.400,0.000,0.000
difference,15.606,15.576,16.067,0.000,0.000
life,6.366,6.500,6.931,0.000,0.000
consistency,5.689,5.879,4.918,0.000,0.000
role,5.946,5.610,7.424,0.000,0.000
labels,5.485,5.527,5.315,0.000,0.000
atoms,36.293,35.376,39.055,0.000,0.000
partition,6.673,6.601,6.708,0.000,0.000
fock,48.665,49.603,53.759,0.000,0.000
provides,1.381,1.434,1.532,0.000,0.000
integer,4.516,4.427,4.640,0.000,0.000
generated,2.934,3.072,3.003,0.000,0.000
global,5.540,5.721,5.359,0.000,0.000
gives,2.978,3.068,2.666,0.000,0.000
solve,4.934,5.016,4.788,0.000,0.000
sequences,5.750,5.797,5.925,0.000,0.000
including,5.581,5.607,5.066,0.000,0.000
made,4.161,4.122,3.326,0.000,0.000
easily,1.623,1.694,1.296,0.000,0.000
physics,24.318,21.999,29.479,0.000,0.000
generally,2.589,2.731,2.430,0.000,0.000
figure,7.444,7.336,7.168,0.000,0.000
evaluation,14.362,14.447,17.359,0.000,0.000
ones,2.088,2.091,2.178,0.000,0.000
goal,3.852,3.658,4.370,0.000,0.000
procedure,12.584,12.776,13.560,0.000,0.000
pairs,5.488,5.596,4.996,0.000,0.000
top,2.589,2.669,2.334,0.000,0.000
idea,1.030,1.005,1.386,0.000,0.000
selected,5.715,5.732,6.627,0.000,0.000
reduction,6.417,5.945,6.838,0.000,0.000
required,1.636,1.680,2.018,0.000,0.000
contain,3.576,3.540,3.740,0.000,0.000
sector,2.469,2.423,2.974,0.000,0.000
easy,1.752,1.805,1.456,0.000,0.000
satisfy,3.547,3.558,3.796,0.000,0.000
measurements,26.604,23.739,31.348,0.000,0.000
etc,2.855,3.015,2.641,0.000,0.000
latter,2.534,2.657,2.179,0.000,0.000
additional,6.943,6.970,7.872,0.000,0.000
universe,5.959,5.982,5.400,0.000,0.000
done,3.520,3.538,3.417,0.000,0.000
conclusion,6.842,6.836,6.709,0.000,0.000
high,14.966,15.259,14.999,0.000,0.000
finding,2.745,2.783,2.510,0.000,0.000
patterns,6.479,6.416,6.412,0.000,0.000
scheme,3.865,3.784,4.238,0.000,0.000
sum,14.812,14.998,14.486,0.000,0.000
physical,12.742,12.792,14.796,0.000,0.000
factor,14.352,13.373,14.650,0.000,0.000
techniques,1.562,1.656,1.301,0.000,0.000
selection,8.047,7.961,7.201,0.000,0.000
choose,4.853,4.825,5.002,0.000,0.000
exact,7.574,7.572,7.542,0.000,0.000
allow,1.836,1.747,2.156,0.000,0.000
relative,11.013,11.002,9.757,0.000,0.000
induction,6.611,6.584,6.889,0.000,0.000
interesting,1.878,1.953,2.252,0.000,0.000
existing,1.345,1.344,1.545,0.000,0.000
energy,17.675,17.964,18.673,0.000,0.000
column,9.263,9.381,14.474,0.000,0.000
hold,5.159,5.103,5.101,0.000,0.000
mass,38.995,35.857,52.109,0.000,0.000
satisfying,8.304,8.296,8.673,0.000,0.000
shafer,9.308,9.655,10.175,0.000,0.000
maximum,4.562,4.636,3.881,0.000,0.000
current,4.584,4.945,4.267,0.000,0.000
nature,2.697,2.676,3.558,0.000,0.000
self,20.361,19.861,20.618,0.000,0.000
full,3.272,3.097,3.019,0.000,0.000
bounded,6.222,6.469,6.253,0.000,0.000
behavior,3.416,3.485,3.677,0.000,0.000
aspects,4.355,4.259,4.516,0.000,0.000
field,47.848,47.210,48.920,0.000,0.000
available,14.446,14.305,14.429,0.000,0.000
developed,8.235,7.962,7.574,0.000,0.000
expected,7.828,7.701,7.317,0.000,0.000
makes,3.299,3.237,3.851,0.000,0.000
consequence,3.366,3.312,3.992,0.000,0.000
understanding,2.506,2.546,2.837,0.000,0.000
end,2.213,2.199,1.963,0.000,0.000
represents,2.841,3.092,2.532,0.000,0.000
proved,2.273,2.228,2.199,0.000,0.000
years,2.488,2.642,2.641,0.000,0.000
block,4.820,4.930,5.009,0.000,0.000
effects,27.578,30.028,32.069,0.000,0.000
expressed,7.471,7.895,7.734,0.000,0.000
sciences,6.318,6.577,7.585,0.000,0.000
sufficient,3.259,3.273,2.919,0.000,0.000
mind,8.118,8.114,7.965,0.000,0.000
useful,1.873,1.934,2.259,0.000,0.000
symmetry,18.080,18.311,18.247,0.000,0.000
ieee,23.355,23.694,25.669,0.000,0.000
directly,1.449,1.504,1.945,0.000,0.000
atom,39.476,36.745,38.445,0.000,0.000
mentioned,1.731,1.693,2.913,0.000,0.000
approximations,8.423,8.193,8.705,0.000,0.000
eds,14.291,14.354,16.049,0.000,0.000
future,2.498,2.648,2.839,0.000,0.000
together,2.084,2.328,1.858,0.000,0.000
last,5.339,5.426,5.077,0.000,0.000
unit,9.443,9.121,8.455,0.000,0.000
existence,2.876,2.661,3.638,0.000,0.000
constant,41.930,41.734,36.880,0.000,0.000
per,7.718,7.775,6.842,0.000,0.000
namely,2.092,2.155,1.360,0.000,0.000
family,3.964,4.010,3.654,0.000,0.000
reason,2.321,2.211,2.006,0.000,0.000
taken,5.456,5.630,5.776,0.000,0.000
adding,9.015,9.173,9.107,0.000,0.000
strategy,1.838,1.877,2.188,0.000,0.000
representing,1.073,1.091,1.111,0.000,0.000
article,2.923,2.814,2.961,0.000,0.000
vertex,17.419,17.624,17.405,0.000,0.000
although,3.490,3.417,3.587,0.000,0.000
composite,16.096,16.292,16.121,0.000,0.000
kind,1.436,1.509,1.270,0.000,0.000
spaces,3.670,3.601,3.503,0.000,0.000
transition,30.545,30.435,30.913,0.000,0.000
applying,0.887,0.921,1.077,0.000,0.000
infinite,5.216,5.354,5.048,0.000,0.000
experiment,17.130,15.984,21.065,0.000,0.000
list,5.471,5.561,6.523,0.000,0.000
simply,1.425,1.490,1.175,0.000,0.000
minimum,6.498,6.504,6.438,0.000,0.000
combinations,8.018,8.197,7.508,0.000,0.000
chosen,4.326,4.361,4.407,0.000,0.000
matrices,7.772,7.165,8.363,0.000,0.000
performance,2.287,2.312,2.197,0.000,0.000
connected,1.979,2.024,1.938,0.000,0.000
weighted,5.180,5.111,5.098,0.000,0.000
source,1.921,1.969,1.875,0.000,0.000
volume,19.557,19.375,27.433,0.000,0.000
processing,5.889,5.996,6.045,0.000,0.000
via,6.731,6.532,6.959,0.000,0.000
iii,3.247,3.303,4.506,0.000,0.000
formalism,7.181,7.590,8.151,0.000,0.000
put,2.905,2.931,2.990,0.000,0.000
third,9.994,9.876,10.617,0.000,0.000
performed,14.619,14.037,16.869,0.000,0.000
moreover,2.115,2.092,2.179,0.000,0.000
approximate,4.272,4.370,4.090,0.000,0.000
correspond,2.368,2.093,2.731,0.000,0.000
times,6.015,6.123,6.155,0.000,0.000
clear,3.655,3.581,3.601,0.000,0.000
implementation,1.232,1.319,1.326,0.000,0.000
subject,2.458,2.465,2.342,0.000,0.000
von,13.560,13.583,14.996,0.000,0.000
ordering,2.971,2.931,2.907,0.000,0.000
write,1.371,1.460,1.008,0.000,0.000
algebra,2.435,2.549,2.219,0.000,0.000
seen,1.863,1.896,1.615,0.000,0.000
start,0.912,0.944,1.160,0.000,0.000
sources,2.401,2.507,2.706,0.000,0.000
das,14.207,15.101,18.500,0.000,0.000
propagation,7.261,7.259,6.474,0.000,0.000
want,2.407,2.448,2.397,0.000,0.000
numerical,28.581,28.230,33.586,0.000,0.000
actually,1.660,1.646,1.607,0.000,0.000
observation,3.790,3.703,3.998,0.000,0.000
course,1.842,1.788,1.805,0.000,0.000
possibility,7.863,7.818,8.691,0.000,0.000
resulting,2.484,2.645,2.206,0.000,0.000
considering,1.151,1.181,1.074,0.000,0.000
int,10.456,10.541,14.525,0.000,0.000
inequality,6.231,6.101,6.393,0.000,0.000
entanglement,5.280,5.384,5.431,0.000,0.000
computed,3.650,3.990,4.548,0.000,0.000
short,3.982,4.018,3.984,0.000,0.000
resolution,9.927,10.176,9.917,0.000,0.000
practical,2.335,2.365,2.463,0.000,0.000
clearly,2.334,2.311,2.233,0.000,0.000
takes,4.080,4.064,3.684,0.000,0.000
potential,36.370,36.088,36.690,0.000,0.000
provided,1.795,1.976,1.864,0.000,0.000
side,15.390,15.633,14.388,0.000,0.000
discuss,1.464,1.637,2.462,0.000,0.000
literature,2.261,2.246,2.135,0.000,0.000
close,10.667,10.509,11.231,0.000,0.000
continuous,1.367,1.331,1.496,0.000,0.000
unique,3.920,3.928,4.020,0.000,0.000
clusters,10.167,10.534,10.660,0.000,0.000
usually,0.704,0.652,0.828,0.000,0.000
line,12.077,11.494,12.589,0.000,0.000
furthermore,1.627,1.712,1.614,0.000,0.000
york,8.437,8.491,15.665,0.000,0.000
typical,7.049,7.062,8.012,0.000,0.000
explanation,1.781,1.772,1.654,0.000,0.000
parts,11.146,11.107,10.793,0.000,0.000
statistical,6.251,6.769,6.796,0.000,0.000
communication,3.380,3.573,3.984,0.000,0.000
expression,23.559,23.474,22.164,0.000,0.000
far,3.222,3.281,3.303,0.000,0.000
loss,5.595,5.834,5.992,0.000,0.000
double,29.286,28.560,28.174,0.000,0.000
stochastic,2.919,2.902,3.157,0.000,0.000
bounds,4.656,4.643,4.386,0.000,0.000
open,8.682,8.643,9.181,0.000,0.000
discrete,3.575,3.697,3.580,0.000,0.000
focus,1.162,1.127,1.319,0.000,0.000
written,12.882,12.858,12.432,0.000,0.000
discussion,2.694,2.703,2.818,0.000,0.000
propose,3.218,3.286,3.137,0.000,0.000
cambridge,3.536,3.566,6.983,0.000,0.000
requires,1.790,1.721,1.667,0.000,0.000
occurs,2.294,2.403,2.839,0.000,0.000
collective,10.311,10.301,9.908,0.000,0.000
add,5.460,5.317,4.925,0.000,0.000
criteria,4.521,4.536,4.940,0.000,0.000
seems,1.724,1.698,1.666,0.000,0.000
frame,5.418,5.793,7.105,0.000,0.000
questions,2.500,2.492,2.577,0.000,0.000
development,1.264,1.326,1.686,0.000,0.000
quot,11.981,12.109,11.790,0.000,0.000
long,4.233,4.230,4.528,0.000,0.000
org,5.285,5.368,10.029,0.000,0.000
place,1.987,1.887,1.716,0.000,0.000
improvement,16.240,16.736,16.636,0.000,0.000
feature,1.026,1.006,1.052,0.000,0.000
statement,0.930,0.924,0.787,0.000,0.000
prior,2.073,2.071,2.053,0.000,0.000
needed,2.515,2.518,2.593,0.000,0.000
determine,10.109,10.519,10.408,0.000,0.000
canonical,9.688,9.767,10.490,0.000,0.000
precisely,2.892,2.861,3.151,0.000,0.000
relevant,1.024,1.137,1.043,0.000,0.000
amount,4.836,4.870,4.741,0.000,0.000
studies,5.309,5.139,5.119,0.000,0.000
error,10.275,9.485,13.791,0.000,0.000
weak,17.876,16.848,18.517,0.000,0.000
interference,11.103,11.843,9.543,0.000,0.000
recent,8.133,8.123,8.647,0.000,0.000
ways,0.997,1.013,1.129,0.000,0.000
lattice,24.290,24.174,22.969,0.000,0.000
output,4.091,4.140,4.157,0.000,0.000
others,0.570,0.563,0.513,0.000,0.000
later,2.623,2.661,2.280,0.000,0.000
reduced,13.786,13.589,14.017,0.000,0.000
position,1.475,1.475,1.400,0.000,0.000
fundamental,19.345,19.851,22.422,0.000,0.000
relationship,1.671,1.627,1.736,0.000,0.000
working,1.061,1.042,1.064,0.000,0.000
law,2.605,2.705,3.021,0.000,0.000
closed,11.404,11.514,11.355,0.000,0.000
operation,1.627,1.606,1.242,0.000,0.000
precise,6.456,6.553,7.628,0.000,0.000
hybrid,3.358,3.420,3.356,0.000,0.000
changes,1.630,1.592,1.255,0.000,0.000
principles,2.923,2.948,2.985,0.000,0.000
derived,6.235,6.364,5.688,0.000,0.000
statistics,4.155,4.294,4.496,0.000,0.000
describes,4.359,4.351,3.803,0.000,0.000
mechanism,1.646,1.618,1.938,0.000,0.000
ordered,2.137,2.142,2.255,0.000,0.000
recall,1.814,1.836,1.777,0.000,0.000
acts,1.670,1.643,1.451,0.000,0.000
symmetric,4.961,4.941,5.747,0.000,0.000
reference,6.087,6.086,6.490,0.000,0.000
symbol,2.905,2.897,2.387,0.000,0.000
gets,1.826,1.796,1.770,0.000,0.000
leads,3.931,3.856,4.195,0.000,0.000
increase,2.380,2.549,2.445,0.000,0.000
representations,6.044,6.177,6.766,0.000,0.000
engineering,7.306,7.414,8.608,0.000,0.000
becomes,3.297,3.449,3.163,0.000,0.000
uses,0.425,0.447,0.407,0.000,0.000
maximal,1.799,1.795,1.720,0.000,0.000
math,3.159,3.220,4.911,0.000,0.000
involved,1.203,1.228,1.192,0.000,0.000
tests,2.487,2.566,2.844,0.000,0.000
formulae,3.497,3.537,3.288,0.000,0.000
studied,2.624,2.682,2.900,0.000,0.000
discussed,3.648,3.631,4.633,0.000,0.000
whole,0.842,0.799,0.904,0.000,0.000
evolution,2.885,3.009,2.773,0.000,0.000
features,0.712,0.705,0.684,0.000,0.000
valid,0.825,0.853,0.881,0.000,0.000
treatment,14.975,16.071,15.766,0.000,0.000
assigned,4.276,4.335,4.268,0.000,0.000
assumed,1.729,1.683,1.352,0.000,0.000
forms,6.663,6.951,6.086,0.000,0.000
follow,0.734,0.754,0.592,0.000,0.000
higher,21.050,21.159,22.046,0.000,0.000
quite,3.114,3.168,2.905,0.000,0.000
denotes,2.573,2.581,2.632,0.000,0.000
prediction,3.297,3.321,3.188,0.000,0.000
criterion,1.126,1.084,1.110,0.000,0.000
defining,0.629,0.638,0.736,0.000,0.000
though,0.936,0.874,1.029,0.000,0.000
range,7.105,7.116,7.549,0.000,0.000
review,4.402,4.284,5.081,0.000,0.000
factors,10.022,9.873,12.065,0.000,0.000
works,4.190,4.114,4.056,0.000,0.000
understand,1.243,1.248,1.189,0.000,0.000
specified,1.443,1.416,1.301,0.000,0.000
starting,3.901,4.023,3.932,0.000,0.000
difficult,1.929,2.004,1.797,0.000,0.000
observe,1.646,1.631,1.854,0.000,0.000
columns,7.686,7.689,8.833,0.000,0.000
task,0.909,0.894,0.723,0.000,0.000
towards,0.847,0.916,0.943,0.000,0.000
mean,4.976,5.053,5.477,0.000,0.000
perform,3.243,3.228,3.202,0.000,0.000
practice,2.342,2.332,2.385,0.000,0.000
label,3.107,3.127,2.954,0.000,0.000
require,2.057,1.974,2.109,0.000,0.000
presence,6.945,7.227,6.464,0.000,0.000
almost,3.831,3.942,4.267,0.000,0.000
symbols,2.029,2.139,1.876,0.000,0.000
text,3.367,3.276,3.461,0.000,0.000
refer,2.700,2.746,1.983,0.000,0.000
explicitly,7.677,7.701,6.442,0.000,0.000
underlying,0.927,0.949,0.974,0.000,0.000
dimensional,11.852,12.248,9.339,0.000,0.000
reasonable,2.161,2.219,2.375,0.000,0.000
issues,1.612,1.610,1.709,0.000,0.000
background,2.832,2.835,3.328,0.000,0.000
constructed,5.490,5.533,5.618,0.000,0.000
occur,2.531,2.511,2.809,0.000,0.000
depends,3.899,3.906,3.727,0.000,0.000
conclude,1.123,1.077,1.093,0.000,0.000
generate,1.123,1.154,1.117,0.000,0.000
necessarily,1.663,1.659,1.642,0.000,0.000
conf,9.259,9.337,11.598,0.000,0.000
degrees,3.415,3.264,3.677,0.000,0.000
berlin,2.675,2.911,6.523,0.000,0.000
extend,0.954,0.918,0.932,0.000,0.000
check,4.660,4.715,4.353,0.000,0.000
conclusions,1.314,1.383,1.104,0.000,0.000
compared,5.038,5.002,5.544,0.000,0.000
obvious,1.850,1.831,1.899,0.000,0.000
final,23.637,23.113,24.444,0.000,0.000
chain,3.862,3.844,3.555,0.000,0.000
enough,0.950,0.939,0.953,0.000,0.000
regular,2.092,2.211,2.043,0.000,0.000
interaction,38.349,38.376,38.288,0.000,0.000
string,5.364,5.343,5.389,0.000,0.000
detection,14.296,14.530,12.214,0.000,0.000
yields,2.377,2.545,2.193,0.000,0.000
series,16.766,16.770,17.797,0.000,0.000
recently,4.072,3.789,4.261,0.000,0.000
increasing,1.676,1.679,1.745,0.000,0.000
likely,1.483,1.443,1.696,0.000,0.000
transformations,0.788,0.781,0.709,0.000,0.000
direct,1.514,1.544,1.673,0.000,0.000
possibly,0.927,0.917,0.972,0.000,0.000
added,1.920,1.957,1.771,0.000,0.000
trivial,0.935,0.926,0.942,0.000,0.000
arxiv,7.359,7.244,11.795,0.000,0.000
specifically,1.065,1.106,0.920,0.000,0.000
distributions,1.349,1.411,1.098,0.000,0.000
become,1.521,1.523,1.630,0.000,0.000
key,0.456,0.487,0.740,0.000,0.000
observed,5.817,5.896,6.056,0.000,0.000
unknown,1.493,1.493,1.370,0.000,0.000
yet,1.208,1.214,1.339,0.000,0.000
internal,3.903,3.478,5.275,0.000,0.000
upon,6.761,6.520,6.751,0.000,0.000
contained,2.104,2.062,2.077,0.000,0.000
tools,1.044,1.058,1.112,0.000,0.000
appears,0.971,1.027,0.882,0.000,0.000
permutation,2.110,2.249,1.993,0.000,0.000
identified,1.399,1.487,1.496,0.000,0.000
combining,1.281,1.424,1.123,0.000,0.000
include,9.366,9.185,9.252,0.000,0.000
distributed,1.638,1.696,1.447,0.000,0.000
year,25.903,25.475,26.799,0.000,0.000
lead,2.898,2.940,3.127,0.000,0.000
whereas,1.570,1.580,1.264,0.000,0.000
generalization,0.843,0.852,0.938,0.000,0.000
turn,0.939,0.924,1.052,0.000,0.000
technology,2.852,3.051,4.319,0.000,0.000
distinct,1.531,1.571,1.838,0.000,0.000
remark,2.652,2.553,2.707,0.000,0.000
formulation,1.732,1.779,1.628,0.000,0.000
none,1.586,1.650,1.562,0.000,0.000
row,4.298,4.324,5.275,0.000,0.000
suitable,0.675,0.734,0.621,0.000,0.000
integration,27.219,26.142,26.741,0.000,0.000
www,1.434,1.487,3.109,0.000,0.000
root,6.852,6.764,6.461,0.000,0.000
geometric,2.072,2.033,2.280,0.000,0.000
illustrate,0.781,0.811,0.848,0.000,0.000
generation,2.856,2.834,2.181,0.000,0.000
compare,4.467,4.393,4.780,0.000,0.000
determined,9.295,9.247,9.944,0.000,0.000
larger,18.259,18.218,19.545,0.000,0.000
greater,1.764,1.772,1.662,0.000,0.000
impossible,0.708,0.696,0.738,0.000,0.000
wide,3.696,3.642,3.652,0.000,0.000
smaller,14.991,14.874,16.793,0.000,0.000
appear,0.930,0.924,1.016,0.000,0.000
black,3.680,3.713,3.739,0.000,0.000
assumptions,1.028,1.031,0.971,0.000,0.000
strictly,0.917,0.903,0.954,0.000,0.000
van,5.561,5.478,7.731,0.000,0.000
integrated,7.616,7.599,7.611,0.000,0.000
mechanisms,0.781,0.782,0.693,0.000,0.000
successful,0.382,0.369,0.388,0.000,0.000
identify,0.192,0.219,0.194,0.000,0.000
external,18.253,18.936,19.022,0.000,0.000
depending,0.843,0.814,0.879,0.000,0.000
formally,0.903,0.878,1.046,0.000,0.000
interest,9.635,9.762,9.372,0.000,0.000
remaining,2.579,2.625,3.159,0.000,0.000
comparison,11.483,11.412,12.845,0.000,0.000
details,2.232,2.190,2.791,0.000,0.000
moore,3.800,3.670,3.957,0.000,0.000
induced,24.416,23.720,24.585,0.000,0.000
technical,1.954,2.030,2.040,0.000,0.000
consisting,1.720,1.762,1.728,0.000,0.000
identical,5.179,5.256,4.175,0.000,0.000
purpose,1.218,1.220,1.115,0.000,0.000
expectation,31.012,32.182,30.828,0.000,0.000
observations,1.425,1.426,1.584,0.000,0.000
claim,3.876,3.790,3.875,0.000,0.000
masses,12.886,11.616,16.195,0.000,0.000
allowed,2.491,2.522,2.643,0.000,0.000
sample,3.310,3.386,2.693,0.000,0.000
absolute,2.973,3.072,2.929,0.000,0.000
built,0.557,0.583,0.521,0.000,0.000
ground,51.725,51.282,50.635,0.000,0.000
constrained,0.337,0.359,0.396,0.000,0.000
examined,7.608,7.722,7.229,0.000,0.000
equality,1.988,2.006,1.892,0.000,0.000
except,1.710,1.710,2.002,0.000,0.000
kinds,0.972,0.984,0.898,0.000,0.000
directed,6.563,6.566,6.341,0.000,0.000
partially,0.990,1.010,0.936,0.000,0.000
index,4.407,4.290,4.459,0.000,0.000
deal,0.709,0.697,0.839,0.000,0.000
correct,1.669,1.668,1.310,0.000,0.000
back,0.895,0.936,0.913,0.000,0.000
look,0.739,0.774,0.841,0.000,0.000
predicted,10.291,10.361,10.009,0.000,0.000
functional,3.202,3.291,3.085,0.000,0.000
reduce,1.902,1.915,1.931,0.000,0.000
population,3.373,3.442,2.334,0.000,0.000
issue,0.913,0.887,0.785,0.000,0.000
tool,1.289,1.301,1.347,0.000,0.000
bipolar,3.316,3.260,2.787,0.000,0.000
actual,10.659,10.778,10.853,0.000,0.000
comput,3.183,3.203,6.679,0.000,0.000
quasi,21.055,20.684,21.138,0.000,0.000
needs,1.455,1.481,1.514,0.000,0.000
wang,2.615,2.652,3.727,0.000,0.000
target,4.818,4.878,4.873,0.000,0.000
report,2.479,2.554,2.365,0.000,0.000
ability,2.495,2.479,2.510,0.000,0.000
notice,1.128,1.116,1.045,0.000,0.000
limit,9.032,8.944,8.665,0.000,0.000
area,0.918,0.994,1.010,0.000,0.000
included,23.197,23.168,21.979,0.000,0.000
body,45.100,43.749,45.907,0.000,0.000
correspondence,1.853,1.859,1.834,0.000,0.000
technique,5.040,5.103,4.729,0.000,0.000
project,1.231,1.359,1.639,0.000,0.000
presents,0.862,0.861,1.306,0.000,0.000
combined,2.767,2.907,2.980,0.000,0.000
certainly,0.892,0.857,0.926,0.000,0.000
never,1.748,1.655,1.656,0.000,0.000
express,1.273,1.343,1.383,0.000,0.000
assuming,0.967,1.019,1.176,0.000,0.000
phase,9.329,9.184,7.486,0.000,0.000
appropriate,1.691,1.667,1.536,0.000,0.000
remains,0.521,0.471,0.659,0.000,0.000
develop,0.641,0.660,0.722,0.000,0.000
uniform,1.561,1.538,1.734,0.000,0.000
come,1.207,1.200,0.942,0.000,0.000
cycle,5.182,5.158,5.100,0.000,0.000
deviations,6.359,6.472,6.671,0.000,0.000
believe,1.288,1.248,1.151,0.000,0.000
ratio,21.051,21.493,22.952,0.000,0.000
neither,1.718,1.704,1.637,0.000,0.000
sci,2.768,2.917,4.275,0.000,0.000
connection,1.128,1.136,1.094,0.000,0.000
create,0.370,0.394,0.401,0.000,0.000
assessment,3.363,3.453,3.620,0.000,0.000
schemes,1.978,1.956,1.735,0.000,0.000
dependent,13.675,12.847,13.169,0.000,0.000
code,19.400,19.307,20.458,0.000,0.000
importance,1.837,1.900,2.152,0.000,0.000
completely,0.924,0.925,0.938,0.000,0.000
typically,0.672,0.637,0.552,0.000,0.000
beyond,2.322,2.350,2.169,0.000,0.000
tables,17.912,17.754,19.357,0.000,0.000
matter,2.515,2.450,3.021,0.000,0.000
violation,12.793,12.741,14.228,0.000,0.000
effective,26.736,26.481,25.600,0.000,0.000
derive,4.237,4.269,4.373,0.000,0.000
period,4.813,4.759,3.544,0.000,0.000
groups,1.668,1.733,1.909,0.000,0.000
produce,0.506,0.505,0.500,0.000,0.000
inclusion,7.689,7.487,7.742,0.000,0.000
depend,3.444,3.498,3.595,0.000,0.000
normalized,2.531,2.665,2.330,0.000,0.000
transfer,4.782,4.758,5.450,0.000,0.000
restriction,1.044,0.995,0.932,0.000,0.000
consequences,0.353,0.360,0.590,0.000,0.000
help,2.667,2.722,2.559,0.000,0.000
empirical,6.622,6.216,7.352,0.000,0.000
testing,0.709,0.734,0.718,0.000,0.000
outside,1.414,1.377,1.399,0.000,0.000
regarding,1.788,1.762,1.512,0.000,0.000
aim,0.636,0.585,0.624,0.000,0.000
showing,1.196,1.171,1.145,0.000,0.000
trajectory,8.026,8.069,7.447,0.000,0.000
labeled,1.954,1.999,2.222,0.000,0.000
max,1.112,1.130,0.972,0.000,0.000
department,7.080,6.984,8.183,0.000,0.000
attention,0.702,0.693,0.841,0.000,0.000
explain,0.557,0.539,0.715,0.000,0.000
mechanics,14.406,15.703,15.976,0.000,0.000
trans,5.576,5.666,6.698,0.000,0.000
temporal,1.937,1.995,2.640,0.000,0.000
errors,3.534,3.357,4.018,0.000,0.000
investigate,1.973,1.955,2.278,0.000,0.000
efficiency,0.549,0.576,0.470,0.000,0.000
bases,1.326,1.277,1.208,0.000,0.000
procedures,1.033,1.076,1.183,0.000,0.000
doi,3.373,3.425,5.326,0.000,0.000
ideas,0.468,0.469,0.431,0.000,0.000
measured,10.135,9.477,10.891,0.000,0.000
proportional,9.254,9.513,9.848,0.000,0.000
applies,0.501,0.499,0.454,0.000,0.000
essentially,0.747,0.719,0.765,0.000,0.000
restricted,1.302,1.272,1.292,0.000,0.000
equals,4.666,4.575,3.733,0.000,0.000
explained,0.558,0.502,0.709,0.000,0.000
low,15.022,15.263,14.929,0.000,0.000
majority,3.352,3.427,2.738,0.000,0.000
exponential,5.741,6.202,6.087,0.000,0.000
explicit,7.060,7.047,6.484,0.000,0.000
elementary,2.431,2.481,2.248,0.000,0.000
traditional,1.403,1.423,1.405,0.000,0.000
naturally,1.343,1.349,1.211,0.000,0.000
involves,1.321,1.347,0.935,0.000,0.000
contrast,1.486,1.479,1.524,0.000,0.000
significant,8.732,8.689,8.588,0.000,0.000
rise,1.151,1.126,1.188,0.000,0.000
similarity,1.497,1.550,1.493,0.000,0.000
layer,8.341,8.448,8.956,0.000,0.000
overall,2.616,2.696,2.610,0.000,0.000
involving,1.558,1.542,1.805,0.000,0.000
letters,1.434,1.537,1.608,0.000,0.000
projection,5.171,5.519,5.433,0.000,0.000
authors,6.058,6.004,5.887,0.000,0.000
online,2.049,2.082,3.085,0.000,0.000
behaviour,1.174,1.243,1.287,0.000,0.000
analogous,3.396,3.534,2.904,0.000,0.000
indicates,1.067,1.064,1.107,0.000,0.000
obviously,0.652,0.655,0.659,0.000,0.000
correlation,37.689,37.372,39.942,0.000,0.000
algebraic,1.304,1.279,1.349,0.000,0.000
scientific,1.296,1.373,2.395,0.000,0.000
modern,1.473,1.529,1.790,0.000,0.000
fit,1.401,1.374,2.981,0.000,0.000
prospects,7.802,7.670,8.373,0.000,0.000
earlier,8.944,8.913,9.116,0.000,0.000
influence,1.596,1.772,1.386,0.000,0.000
profile,1.053,1.061,0.976,0.000,0.000
interpreted,1.291,1.322,1.399,0.000,0.000
scales,6.748,6.883,6.260,0.000,0.000
applicable,0.268,0.279,0.309,0.000,0.000
levels,44.820,44.797,47.145,0.000,0.000
com,1.943,2.091,2.720,0.000,0.000
sections,8.498,8.525,9.451,0.000,0.000
established,1.061,1.056,1.075,0.000,0.000
positions,0.815,0.798,0.797,0.000,0.000
old,0.904,0.886,0.977,0.000,0.000
selective,2.582,2.537,2.759,0.000,0.000
configuration,29.104,29.154,30.969,0.000,0.000
especially,1.246,1.247,1.350,0.000,0.000
appendix,3.951,4.029,3.873,0.000,0.000
consideration,0.638,0.663,0.756,0.000,0.000
belong,1.453,1.439,1.468,0.000,0.000
combine,0.355,0.351,0.329,0.000,0.000
fully,4.718,4.729,4.413,0.000,0.000
limited,2.508,2.482,2.631,0.000,0.000
success,0.165,0.170,0.256,0.000,0.000
sometimes,0.174,0.185,0.192,0.000,0.000
advances,1.721,1.827,2.771,0.000,0.000
superposition,3.535,3.635,3.505,0.000,0.000
dynamics,5.642,5.814,5.459,0.000,0.000
orthogonal,2.497,2.582,1.826,0.000,0.000
justified,0.348,0.370,0.334,0.000,0.000
requirements,0.635,0.670,0.510,0.000,0.000
scaled,14.497,14.222,16.241,0.000,0.000
symbolic,0.981,1.021,1.112,0.000,0.000
increases,1.449,1.483,1.403,0.000,0.000
describing,2.988,3.224,2.940,0.000,0.000
straightforward,0.552,0.525,0.500,0.000,0.000
desirable,0.246,0.229,0.176,0.000,0.000
formed,3.792,3.561,3.733,0.000,0.000
choosing,0.344,0.345,0.313,0.000,0.000
implemented,1.004,1.001,1.010,0.000,0.000
completeness,1.648,1.613,1.682,0.000,0.000
concerning,0.754,0.755,0.846,0.000,0.000
includes,3.558,3.487,3.490,0.000,0.000
calculate,8.084,8.068,8.668,0.000,0.000
supported,20.269,20.352,20.281,0.000,0.000
excluded,0.824,0.836,0.840,0.000,0.000
atomic,17.721,17.151,19.008,0.000,0.000
defines,1.122,1.129,1.144,0.000,0.000
extra,0.597,0.609,0.639,0.000,0.000
former,1.482,1.505,1.396,0.000,0.000
interested,0.671,0.639,0.761,0.000,0.000
impact,1.364,1.414,1.215,0.000,0.000
fast,11.391,11.940,10.305,0.000,0.000
tensor,19.884,20.050,19.183,0.000,0.000
papers,2.071,2.052,2.135,0.000,0.000
matching,2.322,2.358,2.360,0.000,0.000
highly,14.296,14.530,14.192,0.000,0.000
achieve,0.937,0.953,0.991,0.000,0.000
past,0.937,0.903,0.924,0.000,0.000
region,5.378,5.551,4.407,0.000,0.000
identity,10.408,10.455,8.992,0.000,0.000
permutations,2.020,2.181,1.772,0.000,0.000
play,1.887,1.984,1.650,0.000,0.000
mainly,3.580,3.575,3.475,0.000,0.000
modification,2.990,3.109,2.913,0.000,0.000
accepted,3.531,3.442,3.523,0.000,0.000
expressions,13.890,13.974,13.298,0.000,0.000
rest,3.149,3.055,3.036,0.000,0.000
reports,3.034,3.025,3.395,0.000,0.000
derivation,1.592,1.735,1.313,0.000,0.000
style,1.555,1.462,1.568,0.000,0.000
understood,1.141,1.233,1.436,0.000,0.000
scope,2.397,2.372,2.327,0.000,0.000
depth,0.845,0.849,0.703,0.000,0.000
generating,3.283,3.331,3.439,0.000,0.000
core,55.208,54.590,55.680,0.000,0.000
changing,0.871,0.867,0.757,0.000,0.000
achieved,3.336,3.398,3.323,0.000,0.000
followed,1.812,1.840,1.878,0.000,0.000
showed,0.594,0.566,0.605,0.000,0.000
ramsey,2.517,2.471,2.243,0.000,0.000
oxford,3.689,3.915,5.434,0.000,0.000
intervals,4.102,4.120,4.130,0.000,0.000
immediately,0.879,0.876,0.956,0.000,0.000
potentially,0.701,0.683,0.751,0.000,0.000
thesis,1.299,1.414,1.676,0.000,0.000
calculation,15.757,16.304,18.111,0.000,0.000
half,1.013,1.066,0.952,0.000,0.000
extending,0.370,0.369,0.459,0.000,0.000
reasons,0.603,0.577,0.567,0.000,0.000
providing,0.540,0.559,0.537,0.000,0.000
width,8.832,8.489,8.470,0.000,0.000
direction,11.225,11.015,10.908,0.000,0.000
zhang,2.362,2.421,3.721,0.000,0.000
electronic,23.091,22.675,22.884,0.000,0.000
response,2.147,2.198,2.301,0.000,0.000
overlap,1.791,1.781,1.658,0.000,0.000
shall,2.445,2.450,2.187,0.000,0.000
improve,2.125,2.233,1.910,0.000,0.000
consequently,0.943,1.009,0.898,0.000,0.000
phenomena,1.983,2.058,2.506,0.000,0.000
computationally,5.761,5.733,5.928,0.000,0.000
blocks,1.493,1.518,1.520,0.000,0.000
norm,0.699,0.736,0.684,0.000,0.000
link,3.829,3.859,3.402,0.000,0.000
longer,0.337,0.351,0.395,0.000,0.000
computations,18.339,18.601,17.867,0.000,0.000
replaced,0.475,0.525,0.451,0.000,0.000
decomposition,1.130,1.115,1.136,0.000,0.000
detailed,1.962,1.974,2.363,0.000,0.000
stability,1.441,1.575,1.377,0.000,0.000
proper,0.476,0.461,0.640,0.000,0.000
capture,1.049,1.008,1.333,0.000,0.000
novel,0.858,0.826,0.607,0.000,0.000
comparing,2.292,2.197,2.474,0.000,0.000
characterized,1.291,1.373,1.689,0.000,0.000
efficiently,0.980,0.967,0.986,0.000,0.000
introducing,0.948,0.966,0.990,0.000,0.000
variety,0.640,0.643,0.653,0.000,0.000
box,0.608,0.609,0.579,0.000,0.000
establish,0.377,0.372,0.300,0.000,0.000
scaling,10.382,9.970,12.075,0.000,0.000
comes,3.389,3.333,3.311,0.000,0.000
draw,4.067,4.057,4.155,0.000,0.000
demonstrate,1.539,1.581,1.433,0.000,0.000
sec,5.516,5.506,5.184,0.000,0.000
chen,0.822,0.884,1.217,0.000,0.000
convergence,8.052,8.100,8.784,0.000,0.000
generates,1.380,1.392,1.317,0.000,0.000
forward,0.904,0.912,0.969,0.000,0.000
moment,43.751,43.246,44.384,0.000,0.000
detail,1.379,1.339,1.559,0.000,0.000
suggested,1.346,1.386,1.173,0.000,0.000
preprint,6.194,6.291,7.652,0.000,0.000
particles,15.940,15.662,13.978,0.000,0.000
major,1.032,1.023,0.968,0.000,0.000
plus,3.929,3.854,3.344,0.000,0.000
avoid,1.619,1.624,1.587,0.000,0.000
definite,2.276,2.294,2.781,0.000,0.000
lack,0.505,0.481,0.468,0.000,0.000
usual,1.450,1.517,1.561,0.000,0.000
simplicity,0.364,0.373,0.245,0.000,0.000
revised,2.369,2.357,1.731,0.000,0.000
deviation,2.710,2.675,3.347,0.000,0.000
faster,1.635,1.633,1.638,0.000,0.000
allowing,1.073,1.062,1.082,0.000,0.000
happens,0.786,0.763,0.809,0.000,0.000
address,11.946,11.977,12.149,0.000,0.000
imply,0.672,0.650,0.669,0.000,0.000
verification,1.019,1.047,1.002,0.000,0.000
wiley,3.948,4.069,4.777,0.000,0.000
characteristic,1.023,1.073,0.928,0.000,0.000
composition,0.908,0.939,0.994,0.000,0.000
team,1.828,1.748,2.369,0.000,0.000
seem,0.616,0.584,0.526,0.000,0.000
produces,0.396,0.401,0.328,0.000,0.000
edu,1.359,1.338,2.029,0.000,0.000
validity,0.403,0.450,0.308,0.000,0.000
accuracy,29.396,29.671,31.230,0.000,0.000
spatial,10.262,10.154,10.077,0.000,0.000
auxiliary,0.538,0.583,0.539,0.000,0.000
threshold,8.720,8.908,7.107,0.000,0.000
partitioning,3.110,3.102,2.998,0.000,0.000
symmetries,7.187,6.948,5.824,0.000,0.000
essential,0.352,0.367,0.342,0.000,0.000
briefly,1.524,1.513,1.574,0.000,0.000
perfect,1.449,1.476,1.167,0.000,0.000
aspect,0.399,0.403,0.451,0.000,0.000
ideal,4.279,4.366,4.022,0.000,0.000
production,3.643,3.602,3.343,0.000,0.000
light,13.935,13.825,14.468,0.000,0.000
requirement,0.507,0.522,0.478,0.000,0.000
calculated,15.177,15.145,17.337,0.000,0.000
frequency,39.662,39.159,36.985,0.000,0.000
led,0.603,0.599,0.696,0.000,0.000
inverse,2.104,2.081,1.834,0.000,0.000
stated,0.807,0.796,0.745,0.000,0.000
indicate,0.478,0.464,0.547,0.000,0.000
examine,1.120,1.080,1.005,0.000,0.000
going,0.239,0.231,0.198,0.000,0.000
relatively,3.760,3.784,4.025,0.000,0.000
verlag,1.143,1.160,2.561,0.000,0.000
powerful,0.422,0.413,0.449,0.000,0.000
replace,0.532,0.547,0.498,0.000,0.000
suggests,0.185,0.177,0.188,0.000,0.000
precision,26.674,26.701,26.900,0.000,0.000
currently,2.231,2.287,1.944,0.000,0.000
speed,4.622,4.806,4.496,0.000,0.000
res,8.001,8.139,8.540,0.000,0.000
lines,9.365,9.284,9.312,0.000,0.000
analyze,0.636,0.648,0.732,0.000,0.000
produced,1.600,1.647,1.789,0.000,0.000
parallel,2.047,2.043,1.906,0.000,0.000
turns,0.206,0.220,0.249,0.000,0.000
remain,0.506,0.465,0.524,0.000,0.000
designed,0.434,0.482,0.333,0.000,0.000
five,14.837,14.476,14.833,0.000,0.000
recursive,1.415,1.483,1.277,0.000,0.000
occurring,1.356,1.378,1.491,0.000,0.000
reader,4.565,4.524,4.174,0.000,0.000
reliability,0.296,0.335,0.345,0.000,0.000
coincide,0.533,0.546,0.410,0.000,0.000
identification,0.967,0.966,1.005,0.000,0.000
russian,4.776,4.785,4.610,0.000,0.000
singularity,4.617,4.563,4.568,0.000,0.000
liu,1.489,1.583,2.044,0.000,0.000
along,9.015,8.963,9.033,0.000,0.000
replacing,0.983,1.008,0.891,0.000,0.000
generic,0.326,0.357,0.263,0.000,0.000
dependence,7.391,7.385,7.355,0.000,0.000
methodology,0.239,0.272,0.235,0.000,0.000
red,3.531,3.568,3.682,0.000,0.000
approximately,1.572,1.657,1.527,0.000,0.000
resources,1.556,1.572,1.531,0.000,0.000
equally,0.603,0.585,0.555,0.000,0.000
normalization,2.822,2.840,2.690,0.000,0.000
differences,18.204,18.084,18.263,0.000,0.000
reported,11.133,10.961,12.776,0.000,0.000
significantly,7.721,7.698,8.357,0.000,0.000
quantity,3.397,3.410,2.971,0.000,0.000
improved,3.436,3.492,3.398,0.000,0.000
constructing,0.379,0.367,0.398,0.000,0.000
reality,3.076,2.868,3.136,0.000,0.000
move,0.647,0.636,0.619,0.000,0.000
estimated,9.649,9.452,11.613,0.000,0.000
diagram,2.744,2.745,2.560,0.000,0.000
super,2.239,2.171,2.383,0.000,0.000
simplified,2.548,2.468,2.648,0.000,0.000
differ,4.881,4.885,5.168,0.000,0.000
previously,2.672,2.640,2.317,0.000,0.000
laws,1.430,1.531,1.545,0.000,0.000
besides,0.561,0.550,0.512,0.000,0.000
regarded,0.655,0.634,0.654,0.000,0.000
mechanical,1.663,1.983,1.893,0.000,0.000
plays,1.057,1.075,0.920,0.000,0.000
foundation,3.362,3.363,3.400,0.000,0.000
transformed,1.894,1.820,2.149,0.000,0.000
simultaneously,0.373,0.390,0.444,0.000,0.000
preliminary,0.578,0.556,0.672,0.000,0.000
virtual,20.162,20.203,19.917,0.000,0.000
investigation,0.908,0.933,1.111,0.000,0.000
created,2.415,2.457,2.285,0.000,0.000
characteristics,0.677,0.690,0.481,0.000,0.000
pure,2.822,2.832,2.772,0.000,0.000
leading,6.195,6.283,6.137,0.000,0.000
goes,0.877,0.883,0.905,0.000,0.000
obtaining,0.283,0.297,0.239,0.000,0.000
reduces,0.532,0.523,0.654,0.000,0.000
transform,2.144,2.131,2.022,0.000,0.000
concerned,0.568,0.585,0.594,0.000,0.000
analogy,0.839,0.866,0.812,0.000,0.000
near,6.066,6.128,6.042,0.000,0.000
determining,0.665,0.654,0.628,0.000,0.000
break,2.485,2.443,2.361,0.000,0.000
advantage,0.306,0.308,0.317,0.000,0.000
fields,24.481,24.488,24.535,0.000,0.000
removed,0.757,0.776,0.835,0.000,0.000
phys,36.549,36.356,36.701,0.000,0.000
separate,1.623,1.596,1.506,0.000,0.000
directions,4.844,4.768,4.494,0.000,0.000
distinguish,0.321,0.342,0.403,0.000,0.000
remove,0.440,0.415,0.379,0.000,0.000
chemical,3.462,3.280,4.075,0.000,0.000
worth,0.805,0.830,0.864,0.000,0.000
nevertheless,0.834,0.847,0.950,0.000,0.000
modified,1.895,1.791,1.867,0.000,0.000
complicated,1.682,1.646,1.991,0.000,0.000
suggest,0.543,0.553,0.715,0.000,0.000
formulated,0.887,0.908,0.722,0.000,0.000
randomly,1.918,1.955,1.919,0.000,0.000
transitions,42.984,42.975,43.573,0.000,0.000
sufficiently,0.560,0.540,0.686,0.000,0.000
database,3.957,3.915,4.154,0.000,0.000
inside,1.961,1.961,1.985,0.000,0.000
initially,0.868,0.873,0.852,0.000,0.000
perhaps,0.311,0.303,0.298,0.000,0.000
stored,1.783,1.862,1.350,0.000,0.000
sizes,1.825,1.869,1.801,0.000,0.000
predictions,7.023,6.926,7.301,0.000,0.000
repeat,1.410,1.401,1.465,0.000,0.000
stronger,1.529,1.451,1.608,0.000,0.000
systematic,6.781,6.727,7.086,0.000,0.000
separation,2.285,2.232,2.339,0.000,0.000
net,1.701,1.780,1.798,0.000,0.000
largest,4.872,4.899,4.952,0.000,0.000
easier,0.389,0.386,0.405,0.000,0.000
variation,39.998,39.312,40.340,0.000,0.000
author,42.924,42.688,41.075,0.000,0.000
implications,0.469,0.462,0.609,0.000,0.000
verify,0.435,0.443,0.427,0.000,0.000
argue,0.566,0.541,0.526,0.000,0.000
crucial,0.316,0.318,0.317,0.000,0.000
involve,1.187,1.172,1.254,0.000,0.000
division,1.091,1.106,1.017,0.000,0.000
referred,1.069,1.071,0.958,0.000,0.000
national,7.764,7.728,8.593,0.000,0.000
comp,2.861,2.883,3.015,0.000,0.000
regions,2.688,2.726,2.235,0.000,0.000
asymptotic,2.488,2.755,2.635,0.000,0.000
illustrates,1.339,1.381,1.489,0.000,0.000
giving,0.828,0.805,0.824,0.000,0.000
letter,2.471,2.483,2.397,0.000,0.000
illustrated,0.606,0.628,0.677,0.000,0.000
searching,1.036,1.026,0.756,0.000,0.000
loop,2.928,2.923,3.021,0.000,0.000
realistic,0.719,0.676,0.669,0.000,0.000
adopt,0.139,0.164,0.105,0.000,0.000
art,1.302,1.348,1.489,0.000,0.000
correctly,0.286,0.304,0.223,0.000,0.000
rank,1.907,1.976,1.892,0.000,0.000
pointed,1.105,1.152,1.184,0.000,0.000
room,0.672,0.676,0.733,0.000,0.000
deep,0.240,0.236,0.272,0.000,0.000
keep,0.434,0.500,0.346,0.000,0.000
measuring,1.136,1.147,1.262,0.000,0.000
somewhat,0.796,0.786,0.606,0.000,0.000
london,3.290,3.277,4.041,0.000,0.000
beginning,0.656,0.651,0.580,0.000,0.000
contribution,36.682,36.672,38.303,0.000,0.000
investigated,2.105,2.102,2.197,0.000,0.000
simplest,0.969,0.965,0.867,0.000,0.000
big,0.204,0.206,0.255,0.000,0.000
removing,1.295,1.341,1.321,0.000,0.000
tested,0.381,0.379,0.410,0.000,0.000
relevance,0.520,0.504,0.572,0.000,0.000
school,5.067,4.987,5.154,0.000,0.000
slightly,3.980,4.028,4.120,0.000,0.000
constants,32.629,32.864,33.594,0.000,0.000
composed,0.298,0.304,0.251,0.000,0.000
material,0.834,0.855,0.999,0.000,0.000
desired,0.442,0.429,0.376,0.000,0.000
decreasing,1.072,1.078,1.083,0.000,0.000
purposes,0.593,0.593,0.601,0.000,0.000
coincidence,1.194,1.112,1.222,0.000,0.000
forbidden,7.603,7.416,7.977,0.000,0.000
edition,1.233,1.290,2.396,0.000,0.000
compact,0.849,0.833,0.783,0.000,0.000
around,1.373,1.368,1.477,0.000,0.000
read,0.421,0.438,0.320,0.000,0.000
looking,0.251,0.251,0.235,0.000,0.000
smith,0.730,0.712,0.687,0.000,0.000
progress,2.017,1.976,2.001,0.000,0.000
force,12.011,11.789,11.375,0.000,0.000
origin,1.968,1.959,1.941,0.000,0.000
critical,0.847,0.894,0.731,0.000,0.000
evaluate,7.535,7.450,8.033,0.000,0.000
onto,0.794,0.845,0.728,0.000,0.000
contraction,0.357,0.380,0.337,0.000,0.000
expressing,0.899,0.905,0.923,0.000,0.000
arithmetic,0.346,0.369,0.250,0.000,0.000
widely,0.271,0.287,0.314,0.000,0.000
capable,0.244,0.233,0.233,0.000,0.000
stationary,1.220,1.238,1.249,0.000,0.000
unitary,0.880,0.918,0.784,0.000,0.000
usa,3.419,3.514,4.801,0.000,0.000
manner,0.650,0.662,0.598,0.000,0.000
expect,1.722,1.752,1.645,0.000,0.000
changed,0.320,0.324,0.252,0.000,0.000
mixed,4.627,4.595,4.645,0.000,0.000
gain,0.250,0.247,0.213,0.000,0.000
ensure,1.320,1.276,1.225,0.000,0.000
molecules,21.217,21.049,21.972,0.000,0.000
parent,1.201,1.263,1.174,0.000,0.000
compound,0.263,0.283,0.385,0.000,0.000
smallest,1.261,1.244,1.279,0.000,0.000
editor,0.631,0.598,1.330,0.000,0.000
repeated,0.626,0.639,0.572,0.000,0.000
ordinary,0.342,0.388,0.377,0.000,0.000
analyzed,0.504,0.527,0.503,0.000,0.000
cell,1.265,1.285,1.086,0.000,0.000
grid,0.371,0.391,0.404,0.000,0.000
odd,24.497,24.085,24.091,0.000,0.000
fourth,0.945,0.951,0.904,0.000,0.000
products,5.517,5.495,5.271,0.000,0.000
unified,0.956,1.015,1.211,0.000,0.000
linearly,4.121,4.067,3.859,0.000,0.000
reach,1.216,1.237,1.227,0.000,0.000
infer,0.579,0.641,0.640,0.000,0.000
active,3.127,3.055,3.213,0.000,0.000
unless,0.272,0.305,0.244,0.000,0.000
brief,1.137,1.175,1.402,0.000,0.000
developing,0.196,0.209,0.234,0.000,0.000
areas,0.571,0.590,0.566,0.000,0.000
pre,1.031,1.003,1.063,0.000,0.000
published,1.581,1.609,1.734,0.000,0.000
organization,1.850,1.838,1.934,0.000,0.000
coordinates,33.412,33.855,32.853,0.000,0.000
comprehensive,1.133,1.114,1.017,0.000,0.000
absence,0.674,0.674,0.803,0.000,0.000
consist,0.328,0.342,0.284,0.000,0.000
little,0.703,0.734,0.649,0.000,0.000
affect,0.439,0.417,0.440,0.000,0.000
modelling,1.123,1.090,0.993,0.000,0.000
distances,5.292,5.239,5.395,0.000,0.000
infinitely,2.463,2.588,2.439,0.000,0.000
restrict,1.029,0.982,1.017,0.000,0.000
configurations,29.144,29.439,29.591,0.000,0.000
fragments,0.424,0.464,0.401,0.000,0.000
triangle,0.595,0.601,0.473,0.000,0.000
units,25.421,25.383,25.472,0.000,0.000
appl,1.505,1.570,1.733,0.000,0.000
central,4.779,4.742,4.871,0.000,0.000
difficulty,0.494,0.509,0.506,0.000,0.000
entries,0.438,0.442,0.489,0.000,0.000
entire,0.912,0.916,0.849,0.000,0.000
analogously,0.685,0.714,0.559,0.000,0.000
correctness,0.229,0.252,0.160,0.000,0.000
particularly,2.710,2.687,2.652,0.000,0.000
institute,22.911,23.244,22.858,0.000,0.000
agreement,33.423,33.198,33.439,0.000,0.000
separated,0.696,0.718,0.648,0.000,0.000
early,0.311,0.315,0.364,0.000,0.000
limits,3.930,3.992,3.941,0.000,0.000
contrary,0.452,0.436,0.484,0.000,0.000
gaussian,3.899,3.935,4.178,0.000,0.000
stands,3.016,2.882,3.264,0.000,0.000
geometry,2.027,2.018,1.913,0.000,0.000
simpler,0.702,0.703,0.720,0.000,0.000
proceed,0.413,0.394,0.382,0.000,0.000
drawn,0.254,0.280,0.208,0.000,0.000
coherent,5.514,5.440,5.634,0.000,0.000
explore,0.270,0.272,0.228,0.000,0.000
producing,0.539,0.530,0.730,0.000,0.000
starts,0.482,0.464,0.464,0.000,0.000
unfortunately,0.989,1.010,1.037,0.000,0.000
frequencies,19.075,19.105,19.072,0.000,0.000
despite,0.302,0.294,0.307,0.000,0.000
preceding,0.830,0.817,0.764,0.000,0.000
minus,2.366,2.303,2.232,0.000,0.000
arise,1.110,1.126,1.174,0.000,0.000
match,1.181,1.236,1.097,0.000,0.000
runs,1.476,1.463,1.525,0.000,0.000
center,7.322,7.313,8.071,0.000,0.000
illustration,1.497,1.494,1.543,0.000,0.000
china,0.951,0.983,1.045,0.000,0.000
simulation,0.431,0.446,0.378,0.000,0.000
martin,0.947,0.981,1.246,0.000,0.000
popular,0.278,0.283,0.327,0.000,0.000
references,15.685,15.568,15.160,0.000,0.000
decrease,0.798,0.826,0.866,0.000,0.000
mode,3.371,3.396,2.704,0.000,0.000
remarks,0.339,0.346,0.341,0.000,0.000
handbook,0.744,0.711,1.367,0.000,0.000
great,2.362,2.358,2.556,0.000,0.000
cause,0.304,0.324,0.477,0.000,0.000
interpret,0.372,0.373,0.412,0.000,0.000
variant,1.568,1.525,1.523,0.000,0.000
unlike,0.417,0.399,0.442,0.000,0.000
attempt,0.350,0.333,0.339,0.000,0.000
phenomenon,0.246,0.264,0.330,0.000,0.000
academic,1.153,1.178,2.046,0.000,0.000
improvements,1.464,1.541,1.664,0.000,0.000
throughout,2.182,2.181,2.158,0.000,0.000
lin,0.789,0.772,0.980,0.000,0.000
coefficient,8.238,8.244,7.900,0.000,0.000
theor,1.653,1.626,1.452,0.000,0.000
divergence,0.953,0.907,0.965,0.000,0.000
performing,1.627,1.647,1.405,0.000,0.000
lists,0.357,0.400,0.395,0.000,0.000
characterize,0.295,0.296,0.303,0.000,0.000
enables,0.268,0.265,0.246,0.000,0.000
employed,2.982,3.006,3.152,0.000,0.000
coincides,0.950,0.916,0.762,0.000,0.000
split,1.226,1.220,1.248,0.000,0.000
assumes,0.474,0.472,0.374,0.000,0.000
simplify,0.693,0.682,0.700,0.000,0.000
proven,0.524,0.522,0.449,0.000,0.000
successfully,0.579,0.579,0.623,0.000,0.000
reliable,1.501,1.464,1.578,0.000,0.000
stages,0.688,0.711,0.558,0.000,0.000
overview,0.224,0.223,0.265,0.000,0.000
adopted,3.214,3.222,2.856,0.000,0.000
correction,51.814,51.930,53.637,0.000,0.000
divided,0.682,0.695,0.602,0.000,0.000
carried,6.906,6.812,7.458,0.000,0.000
semi,4.300,4.303,4.463,0.000,0.000
evaluated,9.827,9.769,9.669,0.000,0.000
weaker,1.280,1.217,1.298,0.000,0.000
conventional,0.927,0.962,1.004,0.000,0.000
static,15.384,15.352,15.486,0.000,0.000
arises,1.613,1.614,1.827,0.000,0.000
logarithm,2.347,2.450,2.445,0.000,0.000
extent,1.197,1.187,1.184,0.000,0.000
formation,4.999,5.007,5.151,0.000,0.000
separately,1.594,1.621,1.701,0.000,0.000
expansion,25.162,24.982,24.613,0.000,0.000
finds,7.980,8.016,7.808,0.000,0.000
looks,0.381,0.395,0.366,0.000,0.000
triple,16.313,16.491,17.399,0.000,0.000
density,16.197,16.210,16.883,0.000,0.000
guide,0.951,0.954,1.087,0.000,0.000
away,0.329,0.344,0.311,0.000,0.000
isotropic,2.079,1.949,2.020,0.000,0.000
born,3.693,3.688,3.399,0.000,0.000
independently,0.547,0.577,0.542,0.000,0.000
commonly,0.148,0.166,0.173,0.000,0.000
moving,4.360,4.379,4.267,0.000,0.000
interactions,13.502,13.618,13.585,0.000,0.000
realized,0.637,0.601,0.672,0.000,0.000
amounts,0.588,0.606,0.598,0.000,0.000
linked,0.264,0.286,0.203,0.000,0.000
appearing,1.578,1.596,1.367,0.000,0.000
difficulties,0.430,0.441,0.392,0.000,0.000
substitution,0.673,0.709,0.664,0.000,0.000
demonstrated,2.088,2.148,1.985,0.000,0.000
six,10.928,10.822,11.097,0.000,0.000
reached,0.778,0.774,0.812,0.000,0.000
extreme,0.733,0.756,0.548,0.000,0.000
intermediate,10.456,10.484,10.077,0.000,0.000
contributions,36.776,36.735,37.349,0.000,0.000
increased,0.814,0.816,0.917,0.000,0.000
weakly,1.743,1.783,1.797,0.000,0.000
evaluating,0.908,0.884,0.966,0.000,0.000
probably,0.747,0.749,0.757,0.000,0.000
estimation,1.065,1.074,1.178,0.000,0.000
square,7.436,7.426,7.187,0.000,0.000
possibilities,0.809,0.804,0.801,0.000,0.000
applicability,0.445,0.436,0.459,0.000,0.000
reaction,7.745,7.300,8.103,0.000,0.000
mail,1.663,1.682,2.205,0.000,0.000
dimension,0.635,0.637,0.594,0.000,0.000
inner,4.077,4.091,4.365,0.000,0.000
coefficients,20.824,20.565,20.483,0.000,0.000
spectral,3.210,3.129,2.861,0.000,0.000
closely,1.071,1.073,1.093,0.000,0.000
benchmark,1.607,1.607,1.548,0.000,0.000
started,0.236,0.225,0.257,0.000,0.000
advanced,0.802,0.848,1.102,0.000,0.000
grant,39.018,38.853,39.427,0.000,0.000
ten,1.019,1.005,1.035,0.000,0.000
status,0.436,0.430,0.452,0.000,0.000
motion,22.853,23.033,23.134,0.000,0.000
strongly,3.774,3.767,4.221,0.000,0.000
subsequent,0.479,0.466,0.448,0.000,0.000
lattices,0.932,0.930,0.849,0.000,0.000
confidence,0.428,0.459,0.456,0.000,0.000
temperature,9.362,9.369,9.193,0.000,0.000
experimentally,2.057,2.022,2.240,0.000,0.000
moves,0.619,0.619,0.596,0.000,0.000
gap,0.811,0.820,0.730,0.000,0.000
particle,25.220,25.065,23.931,0.000,0.000
diagrams,18.189,17.903,18.063,0.000,0.000
induce,1.153,1.134,1.121,0.000,0.000
noted,1.707,1.734,1.514,0.000,0.000
subsequently,0.712,0.718,0.604,0.000,0.000
quantities,2.480,2.580,2.410,0.000,0.000
interact,1.031,1.020,0.960,0.000,0.000
organized,0.219,0.218,0.314,0.000,0.000
opposite,9.813,10.064,10.225,0.000,0.000
refers,0.415,0.456,0.297,0.000,0.000
spin,41.862,41.650,42.533,0.000,0.000
summarized,1.303,1.348,1.416,0.000,0.000
observable,0.662,0.697,0.785,0.000,0.000
care,0.339,0.357,0.343,0.000,0.000
notations,2.465,2.475,2.291,0.000,0.000
shape,0.516,0.539,0.424,0.000,0.000
heidelberg,0.670,0.687,0.909,0.000,0.000
agree,7.125,7.183,6.552,0.000,0.000
limitations,0.272,0.260,0.241,0.000,0.000
paris,0.467,0.495,0.540,0.000,0.000
motivation,0.117,0.135,0.148,0.000,0.000
treated,6.623,6.536,6.703,0.000,0.000
convenience,0.766,0.836,0.654,0.000,0.000
summary,1.373,1.426,1.338,0.000,0.000
princeton,1.795,1.892,2.467,0.000,0.000
closer,0.555,0.525,0.557,0.000,0.000
thereby,0.318,0.320,0.377,0.000,0.000
exponentially,1.285,1.331,1.202,0.000,0.000
constitute,0.310,0.311,0.301,0.000,0.000
exhibit,0.184,0.186,0.240,0.000,0.000
orders,20.994,20.801,21.503,0.000,0.000
twice,0.753,0.751,0.912,0.000,0.000
modes,4.647,4.854,4.471,0.000,0.000
david,0.257,0.298,0.459,0.000,0.000
writing,0.581,0.603,0.504,0.000,0.000
yield,0.421,0.404,0.482,0.000,0.000
considerations,0.273,0.310,0.253,0.000,0.000
indexes,1.306,1.347,0.929,0.000,0.000
feasible,0.400,0.403,0.335,0.000,0.000
wish,0.918,0.903,0.866,0.000,0.000
rates,22.124,22.311,22.744,0.000,0.000
predict,1.294,1.288,1.395,0.000,0.000
observing,0.215,0.229,0.202,0.000,0.000
caused,2.210,2.302,2.991,0.000,0.000
advantages,0.416,0.410,0.400,0.000,0.000
characterizing,0.639,0.665,0.685,0.000,0.000
studying,0.714,0.735,0.737,0.000,0.000
coming,0.478,0.523,0.407,0.000,0.000
relies,0.658,0.646,0.571,0.000,0.000
determines,1.068,1.075,0.925,0.000,0.000
proposal,0.419,0.462,0.444,0.000,0.000
angle,5.956,5.967,5.584,0.000,0.000
ring,1.928,1.948,2.109,0.000,0.000
formulate,0.271,0.260,0.271,0.000,0.000
dynamical,0.569,0.558,0.497,0.000,0.000
hope,0.164,0.168,0.137,0.000,0.000
employ,0.391,0.391,0.376,0.000,0.000
focused,0.160,0.180,0.200,0.000,0.000
additionally,0.424,0.412,0.426,0.000,0.000
systematically,0.343,0.377,0.274,0.000,0.000
newly,0.377,0.354,0.386,0.000,0.000
respective,0.678,0.755,0.648,0.000,0.000
infinity,0.609,0.607,0.498,0.000,0.000
calculating,1.569,1.543,1.759,0.000,0.000
denoting,0.509,0.546,0.447,0.000,0.000
passing,0.521,0.532,0.358,0.000,0.000
principal,8.709,8.792,8.581,0.000,0.000
obtains,1.629,1.612,1.375,0.000,0.000
neutral,9.575,9.366,10.387,0.000,0.000
calculations,24.583,24.555,26.613,0.000,0.000
mention,0.175,0.190,0.106,0.000,0.000
equilibrium,2.106,2.146,2.573,0.000,0.000
lee,1.802,1.837,2.270,0.000,0.000
preparation,0.379,0.377,0.314,0.000,0.000
combines,1.733,1.698,1.728,0.000,0.000
violations,1.061,1.092,0.963,0.000,0.000
ofthe,2.239,2.238,2.321,0.000,0.000
homogeneous,1.372,1.361,1.422,0.000,0.000
nontrivial,1.841,1.783,1.742,0.000,0.000
dimensions,0.547,0.544,0.471,0.000,0.000
alone,0.654,0.680,0.545,0.000,0.000
promising,1.169,1.138,1.142,0.000,0.000
scalar,11.587,11.747,11.588,0.000,0.000
motivated,0.354,0.390,0.391,0.000,0.000
modify,0.187,0.171,0.160,0.000,0.000
checked,0.393,0.398,0.389,0.000,0.000
addressed,0.141,0.162,0.136,0.000,0.000
predicts,0.573,0.594,0.431,0.000,0.000
decades,0.227,0.242,0.222,0.000,0.000
cut,1.577,1.624,1.749,0.000,0.000
verified,0.325,0.342,0.276,0.000,0.000
ref,16.189,16.380,15.493,0.000,0.000
inter,1.229,1.211,1.401,0.000,0.000
dominant,8.802,8.819,8.347,0.000,0.000
thanks,0.506,0.569,0.423,0.000,0.000
flexible,0.977,0.972,0.915,0.000,0.000
diagonal,5.327,5.220,5.817,0.000,0.000
circular,1.241,1.224,1.481,0.000,0.000
accordingly,0.479,0.490,0.440,0.000,0.000
publications,0.222,0.248,0.356,0.000,0.000
helpful,1.347,1.386,1.228,0.000,0.000
significance,0.487,0.524,0.560,0.000,0.000
explored,0.118,0.119,0.103,0.000,0.000
surprising,0.249,0.263,0.227,0.000,0.000
setup,0.206,0.220,0.302,0.000,0.000
variations,3.580,3.546,3.134,0.000,0.000
exploit,0.566,0.570,0.594,0.000,0.000
roughly,0.438,0.418,0.376,0.000,0.000
indirect,0.831,0.837,0.832,0.000,0.000
chemistry,10.411,10.330,10.609,0.000,0.000
across,0.512,0.530,0.456,0.000,0.000
alignment,0.413,0.431,0.323,0.000,0.000
effectively,0.907,0.896,0.983,0.000,0.000
properly,0.369,0.335,0.337,0.000,0.000
nonlinear,1.178,1.147,1.269,0.000,0.000
gave,0.400,0.405,0.411,0.000,0.000
lab,2.324,2.336,2.572,0.000,0.000
purely,0.501,0.516,0.446,0.000,0.000
offers,0.228,0.245,0.307,0.000,0.000
analyzing,0.251,0.259,0.223,0.000,0.000
received,0.133,0.134,0.115,0.000,0.000
indicated,0.375,0.386,0.364,0.000,0.000
numerous,0.332,0.314,0.344,0.000,0.000
character,0.674,0.660,0.750,0.000,0.000
belonging,0.771,0.759,0.774,0.000,0.000
ensemble,3.482,3.479,3.223,0.000,0.000
microscopic,0.499,0.525,0.584,0.000,0.000
trajectories,1.313,1.325,1.096,0.000,0.000
lett,34.436,34.067,35.146,0.000,0.000
converge,0.330,0.339,0.253,0.000,0.000
listed,23.744,23.871,24.877,0.000,0.000
html,1.703,1.770,2.328,0.000,0.000
cavity,10.246,10.253,9.738,0.000,0.000
middle,0.507,0.513,0.406,0.000,0.000
keeping,0.486,0.506,0.439,0.000,0.000
driven,0.820,0.802,0.891,0.000,0.000
exploiting,1.133,1.137,1.134,0.000,0.000
primary,1.798,1.755,1.825,0.000,0.000
comparisons,3.065,3.089,3.184,0.000,0.000
convenient,2.457,2.479,2.480,0.000,0.000
influenced,0.432,0.451,0.359,0.000,0.000
deriving,0.217,0.215,0.149,0.000,0.000
attractive,0.543,0.552,0.540,0.000,0.000
pseudo,0.660,0.692,0.819,0.000,0.000
serve,0.428,0.431,0.442,0.000,0.000
valuable,0.666,0.661,0.725,0.000,0.000
conservative,0.268,0.296,0.224,0.000,0.000
reactions,3.819,3.672,3.811,0.000,0.000
lambda,1.789,1.787,1.983,0.000,0.000
picture,0.569,0.564,0.601,0.000,0.000
samples,0.669,0.652,0.605,0.000,0.000
roy,0.423,0.479,0.274,0.000,0.000
reducing,0.262,0.257,0.226,0.000,0.000
variance,0.364,0.364,0.319,0.000,0.000
potentials,4.290,4.278,4.608,0.000,0.000
estimating,0.608,0.662,0.669,0.000,0.000
entirely,0.403,0.435,0.371,0.000,0.000
coherence,2.714,2.638,2.885,0.000,0.000
accurate,28.579,28.235,29.817,0.000,0.000
constitutes,0.363,0.380,0.334,0.000,0.000
strongest,0.532,0.559,0.506,0.000,0.000
feasibility,0.516,0.485,0.501,0.000,0.000
confirmed,0.489,0.465,0.487,0.000,0.000
acting,2.344,2.438,2.405,0.000,0.000
incompleteness,0.676,0.660,0.569,0.000,0.000
arising,1.455,1.412,1.525,0.000,0.000
lies,0.340,0.381,0.313,0.000,0.000
convention,0.854,0.939,0.702,0.000,0.000
expansions,5.242,5.149,5.011,0.000,0.000
squares,0.286,0.329,0.256,0.000,0.000
remainder,1.441,1.490,1.813,0.000,0.000
laboratory,5.528,5.544,5.987,0.000,0.000
young,0.218,0.260,0.146,0.000,0.000
thresholds,0.825,0.846,0.690,0.000,0.000
modifications,0.267,0.270,0.311,0.000,0.000
missing,1.358,1.403,1.401,0.000,0.000
extensive,1.933,1.924,1.885,0.000,0.000
private,1.308,1.328,1.125,0.000,0.000
comments,0.279,0.314,0.270,0.000,0.000
earth,2.388,2.397,2.502,0.000,0.000
fraction,0.245,0.277,0.226,0.000,0.000
signal,1.895,1.916,1.662,0.000,0.000
emphasize,0.150,0.169,0.127,0.000,0.000
johnson,7.277,7.156,9.305,0.000,0.000
interacting,4.208,4.157,4.492,0.000,0.000
converges,0.597,0.603,0.474,0.000,0.000
treat,1.003,0.977,1.075,0.000,0.000
decreases,1.232,1.272,1.238,0.000,0.000
bring,0.154,0.155,0.122,0.000,0.000
isolated,0.677,0.698,0.645,0.000,0.000
cartesian,0.860,0.940,0.640,0.000,0.000
clark,2.503,2.515,2.036,0.000,0.000
pressure,0.908,0.886,0.854,0.000,0.000
responsible,0.747,0.792,0.683,0.000,0.000
huge,0.729,0.733,0.778,0.000,0.000
removal,1.220,1.244,1.335,0.000,0.000
exp,0.429,0.440,0.349,0.000,0.000
extraction,0.703,0.802,0.700,0.000,0.000
revealed,0.474,0.464,0.474,0.000,0.000
lowest,15.523,15.450,16.239,0.000,0.000
canada,1.717,1.688,1.745,0.000,0.000
mostly,0.445,0.430,0.486,0.000,0.000
nearly,0.668,0.638,0.655,0.000,0.000
blue,1.919,1.943,1.876,0.000,0.000
hill,1.142,1.142,1.338,0.000,0.000
incorporated,0.469,0.457,0.413,0.000,0.000
balance,0.398,0.401,0.372,0.000,0.000
originally,0.451,0.477,0.385,0.000,0.000
determination,8.283,8.408,8.336,0.000,0.000
boundary,1.540,1.542,1.113,0.000,0.000
yukalov,3.219,3.248,3.571,0.000,0.000
recursion,6.219,6.275,5.814,0.000,0.000
placed,1.085,1.117,1.055,0.000,0.000
simplification,0.390,0.410,0.272,0.000,0.000
minimize,0.258,0.279,0.221,0.000,0.000
noise,2.119,2.115,2.133,0.000,0.000
limitation,0.204,0.226,0.257,0.000,0.000
shorter,0.461,0.463,0.485,0.000,0.000
converted,0.474,0.491,0.380,0.000,0.000
confirm,0.468,0.489,0.537,0.000,0.000
tend,0.169,0.179,0.140,0.000,0.000
url,16.133,16.216,15.864,0.000,0.000
familiar,0.308,0.345,0.189,0.000,0.000
leaving,0.144,0.165,0.107,0.000,0.000
compilation,1.339,1.461,1.015,0.000,0.000
moscow,1.770,1.840,1.696,0.000,0.000
indices,2.421,2.413,2.377,0.000,0.000
outline,0.355,0.356,0.319,0.000,0.000
sign,7.934,8.117,8.237,0.000,0.000
ago,0.815,0.811,0.795,0.000,0.000
rigorous,1.307,1.298,1.261,0.000,0.000
investigations,0.939,0.960,0.928,0.000,0.000
appearance,0.191,0.198,0.158,0.000,0.000
highest,0.573,0.600,0.464,0.000,0.000
differs,1.836,1.894,1.810,0.000,0.000
complementary,0.363,0.362,0.321,0.000,0.000
array,0.489,0.478,0.334,0.000,0.000
academy,0.489,0.573,0.456,0.000,0.000
devices,0.373,0.367,0.323,0.000,0.000
doyle,1.103,1.095,1.309,0.000,0.000
findings,0.222,0.238,0.237,0.000,0.000
transparent,0.395,0.407,0.309,0.000,0.000
carry,1.254,1.261,1.286,0.000,0.000
enable,0.251,0.289,0.203,0.000,0.000
putting,0.352,0.386,0.207,0.000,0.000
ann,1.572,1.597,1.512,0.000,0.000
green,29.214,29.073,29.404,0.000,0.000
fitting,9.210,9.199,9.944,0.000,0.000
college,0.320,0.395,0.369,0.000,0.000
explains,0.291,0.314,0.193,0.000,0.000
sides,1.973,2.028,1.814,0.000,0.000
freedom,3.048,3.003,2.782,0.000,0.000
scr,6.220,6.239,5.477,0.000,0.000
arrive,2.424,2.545,2.217,0.000,0.000
reveal,0.116,0.122,0.131,0.000,0.000
dominated,1.498,1.487,1.603,0.000,0.000
carefully,0.446,0.450,0.397,0.000,0.000
extract,1.752,1.832,1.808,0.000,0.000
truly,1.294,1.209,1.310,0.000,0.000
eight,0.639,0.622,0.520,0.000,0.000
differential,4.387,4.420,4.259,0.000,0.000
splitting,20.635,20.574,20.629,0.000,0.000
detected,0.839,0.827,0.802,0.000,0.000
ranging,0.392,0.375,0.307,0.000,0.000
codes,3.296,3.355,3.261,0.000,0.000
rev,40.048,39.668,39.461,0.000,0.000
plane,3.518,3.501,3.310,0.000,0.000
cross,29.517,29.825,29.366,0.000,0.000
alpha,9.324,9.107,8.806,0.000,0.000
excellent,6.970,7.069,6.906,0.000,0.000
approximated,1.473,1.446,1.482,0.000,0.000
theoretically,0.926,0.911,1.016,0.000,0.000
analytical,11.775,11.941,12.072,0.000,0.000
pairing,0.901,0.907,0.794,0.000,0.000
rely,0.144,0.168,0.142,0.000,0.000
uncertainties,26.447,26.470,27.120,0.000,0.000
exchange,5.860,5.794,6.127,0.000,0.000
deduced,0.933,0.970,0.886,0.000,0.000
species,2.342,2.259,2.338,0.000,0.000
coupled,22.408,22.147,22.223,0.000,0.000
triples,0.548,0.589,0.594,0.000,0.000
charge,35.355,35.201,35.366,0.000,0.000
grows,0.462,0.486,0.450,0.000,0.000
date,1.598,1.613,1.653,0.000,0.000
extremely,1.735,1.683,1.937,0.000,0.000
branching,0.452,0.530,0.412,0.000,0.000
alternatively,0.388,0.362,0.289,0.000,0.000
reveals,0.154,0.171,0.112,0.000,0.000
evident,0.517,0.543,0.436,0.000,0.000
improving,0.330,0.366,0.354,0.000,0.000
mixture,1.791,1.776,1.689,0.000,0.000
quadratic,1.874,1.782,2.010,0.000,0.000
satisfactory,0.574,0.584,0.522,0.000,0.000
physically,0.424,0.444,0.412,0.000,0.000
delay,0.891,0.890,0.727,0.000,0.000
correlated,9.777,9.763,10.034,0.000,0.000
gmail,0.624,0.801,0.630,0.000,0.000
searches,0.763,0.754,0.674,0.000,0.000
financial,0.713,0.771,0.737,0.000,0.000
varying,1.120,1.160,1.209,0.000,0.000
inferred,0.499,0.552,0.437,0.000,0.000
sophisticated,0.313,0.334,0.305,0.000,0.000
correlations,20.272,20.033,21.015,0.000,0.000
yielding,0.102,0.128,0.086,0.000,0.000
nonzero,0.996,0.981,1.156,0.000,0.000
subspace,0.571,0.636,0.539,0.000,0.000
devoted,0.458,0.456,0.408,0.000,0.000
adapted,0.675,0.758,0.643,0.000,0.000
surface,0.801,0.776,0.789,0.000,0.000
normally,0.344,0.375,0.321,0.000,0.000
poor,0.318,0.318,0.415,0.000,0.000
medium,1.183,1.127,1.081,0.000,0.000
omitted,2.138,2.159,2.395,0.000,0.000
comparable,3.443,3.456,3.609,0.000,0.000
invariant,1.550,1.552,1.444,0.000,0.000
reflection,0.827,0.802,0.868,0.000,0.000
post,0.299,0.376,0.219,0.000,0.000
noting,1.682,1.819,1.463,0.000,0.000
stress,0.195,0.216,0.258,0.000,0.000
propagator,3.360,3.285,3.194,0.000,0.000
creation,1.575,1.548,1.367,0.000,0.000
fifth,0.279,0.326,0.245,0.000,0.000
trends,0.328,0.372,0.361,0.000,0.000
elaborate,0.519,0.557,0.550,0.000,0.000
necessity,0.130,0.155,0.138,0.000,0.000
strength,11.406,11.658,12.073,0.000,0.000
successive,0.303,0.316,0.230,0.000,0.000
stand,2.064,2.111,1.547,0.000,0.000
anti,1.073,1.022,0.999,0.000,0.000
demonstrates,0.261,0.290,0.259,0.000,0.000
projections,3.628,3.711,3.012,0.000,0.000
analytic,3.319,3.345,3.292,0.000,0.000
magnitude,28.903,28.744,30.080,0.000,0.000
shapes,0.694,0.705,0.532,0.000,0.000
package,4.799,4.766,4.420,0.000,0.000
uniformly,0.244,0.256,0.176,0.000,0.000
acknowledgements,1.187,1.272,1.163,0.000,0.000
slow,2.359,2.410,2.389,0.000,0.000
centered,0.262,0.267,0.198,0.000,0.000
apart,0.579,0.595,0.496,0.000,0.000
thomas,0.262,0.305,0.257,0.000,0.000
molecular,14.388,14.198,14.626,0.000,0.000
digits,4.352,4.407,4.306,0.000,0.000
iterations,0.610,0.600,0.713,0.000,0.000
acknowledgments,1.840,1.954,1.886,0.000,0.000
thank,4.046,4.120,3.832,0.000,0.000
efforts,0.440,0.489,0.441,0.000,0.000
spectrum,6.548,6.496,6.403,0.000,0.000
discussions,7.568,7.665,7.356,0.000,0.000
problematic,0.442,0.449,0.488,0.000,0.000
reproduce,1.820,1.883,2.177,0.000,0.000
challenging,0.327,0.317,0.287,0.000,0.000
eqs,27.778,28.049,26.910,0.000,0.000
polynomials,1.427,1.436,1.315,0.000,0.000
accessible,0.341,0.354,0.341,0.000,0.000
publication,0.743,0.842,0.423,0.000,0.000
logarithmic,2.017,2.017,1.850,0.000,0.000
summation,10.332,10.277,9.789,0.000,0.000
counterpart,0.455,0.509,0.341,0.000,0.000
huang,1.184,1.263,0.981,0.000,0.000
standing,4.008,3.911,3.739,0.000,0.000
averaging,1.682,1.727,1.588,0.000,0.000
remarkable,0.216,0.244,0.193,0.000,0.000
fine,41.364,41.071,41.604,0.000,0.000
confirms,0.566,0.601,0.529,0.000,0.000
singh,9.294,9.373,9.300,0.000,0.000
summing,0.705,0.752,0.582,0.000,0.000
encountered,0.333,0.351,0.260,0.000,0.000
resolve,0.646,0.656,0.641,0.000,0.000
ratios,2.434,2.514,2.659,0.000,0.000
affected,0.738,0.719,0.720,0.000,0.000
induces,0.650,0.680,0.593,0.000,0.000
indicating,0.561,0.577,0.611,0.000,0.000
accordance,0.420,0.420,0.380,0.000,0.000
substantial,0.759,0.761,0.799,0.000,0.000
angles,2.464,2.534,2.210,0.000,0.000
opportunity,0.232,0.241,0.206,0.000,0.000
duration,0.445,0.449,0.333,0.000,0.000
vary,0.779,0.799,0.777,0.000,0.000
noticed,0.061,0.084,0.049,0.000,0.000
violating,6.592,6.699,6.906,0.000,0.000
treating,0.536,0.528,0.558,0.000,0.000
exclude,0.252,0.284,0.233,0.000,0.000
dominating,1.408,1.425,1.582,0.000,0.000
einstein,0.883,0.928,0.853,0.000,0.000
james,0.675,0.715,0.513,0.000,0.000
probable,0.469,0.513,0.398,0.000,0.000
denominator,0.709,0.752,0.462,0.000,0.000
focusing,0.459,0.455,0.471,0.000,0.000
macroscopic,0.427,0.439,0.385,0.000,0.000
site,1.198,1.210,1.006,0.000,0.000
faculty,0.730,0.779,0.688,0.000,0.000
labelled,0.261,0.311,0.195,0.000,0.000
moments,30.539,31.061,31.244,0.000,0.000
binding,10.151,10.028,10.241,0.000,0.000
rewrite,0.446,0.504,0.391,0.000,0.000
sun,0.665,0.674,0.525,0.000,0.000
invariance,4.240,4.308,4.362,0.000,0.000
mcgraw,0.467,0.498,0.449,0.000,0.000
ranges,0.416,0.486,0.330,0.000,0.000
careful,0.248,0.298,0.214,0.000,0.000
primarily,0.218,0.237,0.204,0.000,0.000
suited,0.212,0.258,0.146,0.000,0.000
tends,0.284,0.286,0.222,0.000,0.000
discovered,0.317,0.320,0.326,0.000,0.000
iterative,0.277,0.302,0.297,0.000,0.000
phases,0.313,0.339,0.320,0.000,0.000
australia,3.400,3.412,3.272,0.000,0.000
inversion,4.667,4.686,4.755,0.000,0.000
poland,0.869,0.902,0.899,0.000,0.000
sums,3.424,3.459,2.942,0.000,0.000
appeared,0.462,0.475,0.394,0.000,0.000
integrating,3.088,3.133,2.791,0.000,0.000
relating,0.316,0.352,0.229,0.000,0.000
lengths,0.524,0.554,0.505,0.000,0.000
grasp,57.751,57.883,58.355,0.000,0.000
practically,0.309,0.320,0.310,0.000,0.000
eliminate,0.507,0.511,0.361,0.000,0.000
possess,0.188,0.244,0.162,0.000,0.000
apparent,0.671,0.710,0.540,0.000,0.000
incorrect,0.485,0.595,0.460,0.000,0.000
proposals,0.376,0.396,0.358,0.000,0.000
considerable,0.432,0.463,0.456,0.000,0.000
became,0.160,0.214,0.143,0.000,0.000
secondary,6.649,6.482,6.833,0.000,0.000
flexibility,0.176,0.174,0.169,0.000,0.000
deduce,0.488,0.531,0.452,0.000,0.000
concluding,0.574,0.632,0.495,0.000,0.000
lifetime,7.546,7.604,7.705,0.000,0.000
improves,0.523,0.569,0.611,0.000,0.000
controlled,0.313,0.305,0.216,0.000,0.000
monte,0.989,0.978,0.857,0.000,0.000
singular,2.236,2.203,2.086,0.000,0.000
chose,0.318,0.346,0.285,0.000,0.000
intrinsic,0.307,0.346,0.298,0.000,0.000
australian,2.679,2.670,2.686,0.000,0.000
los,0.725,0.709,0.637,0.000,0.000
affects,0.510,0.518,0.501,0.000,0.000
contributes,2.402,2.448,2.504,0.000,0.000
miller,0.317,0.399,0.165,0.000,0.000
relaxation,2.929,2.913,2.697,0.000,0.000
commun,4.318,4.305,5.313,0.000,0.000
oxygen,0.734,0.721,0.818,0.000,0.000
inhomogeneous,3.089,3.002,3.101,0.000,0.000
